"sync_date","HostID","UU","Played","TimeSpent","Type","interface","user_agent"
"2020-10-01","05",1,1,129,"zip","AN","Mozilla/5.0 (Linux; Android 10; POCO F1"
"2020-10-01","26",1,2,107,"zip","AN","Mozilla/5.0 (Linux; Android 9; SM-A305F"
"2020-10-01","146",2,3,305,"zip","AN","Mozilla/5.0 (Linux; Android 10; GM1911"
"2020-10-01","17",1,1,81,"zip","AN","Mozilla/5.0 (Linux; Android 9; Redmi Note 6 Pro"
"2020-10-01","12",2,5,320,"zip","AN","Mozilla/5.0 (iPhone; CPU iPhone OS 14_0 like Mac OS X"
"2020-10-01","174",1,4,351,"zip","AN","Mozilla/5.0 (Linux; Android 10; RMX1901"
"2020-10-01","160",2,3,45,"zip","AN","Mozilla/5.0 (Linux; Android 10; SM-G973U"
"2020-10-01","128",1,1,110,"zip","AN","Mozilla/5.0 (Linux; Android 10; Mi A3"
"2020-10-01","203",4,13,3374,"zip","AN","Mozilla/5.0 (Linux; Android 10; POCO F1"
"2020-10-01","21",3,6,686,"zip","AN","Mozilla/5.0 (Linux; Android 10; CPH2127"
"2020-10-01","13",2,5,380,"zip","AN","Mozilla/5.0 (iPhone; CPU iPhone OS 14_0 like Mac OS X"
"2020-10-01","185",2,7,356,"zip","AN","Mozilla/5.0 (Linux; Android 5.1.1; A37f Build/LMY47V"
"2020-10-01","74",1,5,324,"zip","AN","Mozilla/5.0 (Linux; Android 10; Nokia 5.1 Plus"
"2020-10-01","04",1,3,113,"zip","AN","Mozilla/5.0 (Linux; Android 10; RMX1851"
"2020-10-01","144",1,2,9,"zip","AN","Mozilla/5.0 (Linux; Android 10; ASUS_X00TD"
"2020-10-01","167",3,14,2240,"zip","AN","Mozilla/5.0 (Linux; Android 5.1.1; SM-T285YD"
"2020-10-01","216",1,12,1392,"zip","AN","Mozilla/5.0 (Linux; Android 9; SM-T385"
"2020-10-01","131",1,6,1119,"zip","AN","Mozilla/5.0 (iPhone; CPU iPhone OS 14_0 like Mac OS X"
"2020-10-01","188",1,1,53,"zip","AN","Mozilla/5.0 (Linux; Android 7.1.2; Micromax_HS3"
"2020-10-01","38",1,1,85,"zip","AN","Mozilla/5.0 (Linux; Android 9; LM-V405"
"2020-10-01","155",2,13,1999,"zip","AN","Mozilla/5.0 (iPhone; CPU iPhone OS 14_0 like Mac OS X"
"2020-10-01","35",1,2,327,"zip","AN","Mozilla/5.0 (Linux; Android 9; vivo 1907"
"2020-10-01","24",2,7,640,"zip","AN","Mozilla/5.0 (Linux; Android 10; SM-A750F"
"2020-10-01","147",5,27,2626,"zip","AN","Mozilla/5.0 (iPhone; CPU iPhone OS 13_6_1 like Mac OS X"
"2020-10-01","204",6,16,907,"zip","AN","Mozilla/5.0 (iPhone; CPU iPhone OS 14_0 like Mac OS X"
"2020-10-01","151",5,16,2016,"zip","AN","Mozilla/5.0 (Linux; Android 9; DUK-L09"
"2020-10-01","210",3,6,636,"zip","AN","Mozilla/5.0 (Linux; Android 10; Mi A3"
"2020-10-01","110",2,4,847,"zip","AN","Mozilla/5.0 (Linux; Android 10; SM-M215F"
"2020-10-01","176",2,8,980,"zip","AN","Mozilla/5.0 (Linux; Android 8.1.0; CPH1809"
"2020-10-01","157",1,1,25,"zip","AN","Mozilla/5.0 (Linux; Android 9; Redmi Note 6 Pro"
"2020-10-01","148",1,3,281,"zip","AN","Mozilla/5.0 (Linux; Android 10; SM-N960F"
"2020-10-01","206",6,20,2508,"zip","AN","Mozilla/5.0 (Linux; Android 9; vivo 1723 Build/PKQ1.190118.001; wv"
"2020-10-01","172",1,1,38,"zip","AN","Mozilla/5.0 (Linux; Android 8.1.0; vivo 1814 Build/O11019; wv"
"2020-10-01","145",2,3,436,"zip","AN","Mozilla/5.0 (Linux; Android 9; RMX1911"
"2020-10-01","98",1,2,244,"zip","AN","Mozilla/5.0 (Linux; Android 9; RMX1911"
"2020-10-01","100",1,1,268,"zip","AN","Mozilla/5.0 (Linux; Android 10; SM-A507FN"
"2020-10-01","126",1,1,128,"zip","AN","Mozilla/5.0 (Linux; Android 7.0; Redmi Note 4"
"2020-10-01","18",5,8,787,"zip","AN","Mozilla/5.0 (Linux; Android 8.1.0; vivo 1820 Build/O11019; wv"
"2020-10-01","180",1,1,58,"zip","AN","Mozilla/5.0 (Linux; Android 9; Redmi Note 7 Pro"
"2020-10-01","202",1,1,54,"zip","AN","Mozilla/5.0 (Linux; Android 9; ASUS_X00TD"
"2020-10-02","130",3,8,1687,"zip","AN","Mozilla/5.0 (Linux; Android 10; SM-M307F"
"2020-10-02","120",2,11,1699,"zip","AN","Mozilla/5.0 (Linux; Android 10; RMX1825"
"2020-10-02","111",5,23,1859,"zip","AN","Mozilla/5.0 (Linux; Android 10; SAMSUNG SM-M307F Build/QP1A.190711.020"
"2020-10-02","17",1,1,22,"zip","AN","Mozilla/5.0 (Linux; Android 10; Mi A3"
"2020-10-02","160",1,2,205,"zip","AN","Mozilla/5.0 (Linux; Android 7.0; Redmi Note 4"
"2020-10-02","128",1,1,87,"zip","AN","Mozilla/5.0 (Linux; Android 10; SM-J600GF"
"2020-10-02","143",1,4,191,"zip","AN","Mozilla/5.0 (Linux; Android 10; SM-A307FN"
"2020-10-02","213",2,3,267,"zip","AN","Mozilla/5.0 (Linux; Android 10; vivo 1919"
"2020-10-02","13",2,10,1620,"zip","AN","Mozilla/5.0 (iPhone; CPU iPhone OS 12_4_4 like Mac OS X"
"2020-10-02","171",5,16,1727,"zip","AN","Mozilla/5.0 (Linux; Android 9; vivo 1904 Build/PPR1.180610.011; wv"
"2020-10-02","181",2,11,763,"zip","AN","Mozilla/5.0 (iPhone; CPU iPhone OS 14_0 like Mac OS X"
"2020-10-02","75",1,4,288,"zip","AN","Mozilla/5.0 (iPhone; CPU iPhone OS 13_3 like Mac OS X"
"2020-10-02","04",3,3,250,"zip","AN","Mozilla/5.0 (Linux; Android 6.0.1; SM-J700F"
"2020-10-02","144",1,2,118,"zip","AN","Mozilla/5.0 (Linux; Android 10; ONEPLUS A6010"
"2020-10-02","96",1,1,74,"zip","AN","Mozilla/5.0 (Linux; Android 10; JSN-L42"
"2020-10-02","167",1,1,15,"zip","AN","Mozilla/5.0 (Linux; Android 9; SM-N960F"
"2020-10-02","216",1,1,45,"zip","AN","Mozilla/5.0 (Linux; Android 9; SM-T295"
"2020-10-02","154",2,10,935,"zip","AN","Mozilla/5.0 (iPhone; CPU iPhone OS 13_7 like Mac OS X"
"2020-10-02","59",3,14,893,"zip","AN","Mozilla/5.0 (Linux; Android 9; Mi A1"
"2020-10-02","177",1,2,354,"zip","AN","Mozilla/5.0 (Linux; Android 10; RMX2001"
"2020-10-02","38",1,4,599,"zip","AN","Mozilla/5.0 (Linux; Android 10; SM-A207F"
"2020-10-02","95",2,18,1790,"zip","AN","Mozilla/5.0 (Linux; Android 10; Mi A3"
"2020-10-02","119",1,1,23,"zip","AN","Mozilla/5.0 (Linux; Android 10; SM-M115F"
"2020-10-02","155",3,14,5542,"zip","AN","Mozilla/5.0 (Linux; Android 10; Redmi Note 8 Pro"
"2020-10-02","01",1,1,373,"zip","AN","Mozilla/5.0 (iPhone; CPU iPhone OS 13_3_1 like Mac OS X"
"2020-10-02","169",2,5,232,"zip","AN","Mozilla/5.0 (Linux; Android 10; JSN-L22"
"2020-10-02","152",2,4,308,"zip","AN","Mozilla/5.0 (Linux; Android 10; RMX1825"
"2020-10-02","116",1,6,507,"zip","AN","Mozilla/5.0 (Linux; Android 10; CPH1969"
"2020-10-02","118",1,1,33,"zip","AN","Mozilla/5.0 (Linux; Android 10; Redmi Note 7"
"2020-10-02","39",2,6,865,"zip","AN","Mozilla/5.0 (Linux; Android 10; RMX1901"
"2020-10-02","113",1,2,343,"zip","AN","Mozilla/5.0 (iPhone; CPU iPhone OS 14_0 like Mac OS X"
"2020-10-02","44",1,1,49,"zip","AN","Mozilla/5.0 (Linux; Android 10; SM-A705GM"
"2020-10-02","117",2,13,1490,"zip","AN","Mozilla/5.0 (iPhone; CPU iPhone OS 12_4_1 like Mac OS X"
"2020-10-02","151",2,9,702,"zip","AN","Mozilla/5.0 (iPhone; CPU iPhone OS 13_3 like Mac OS X"
"2020-10-02","210",3,11,2073,"zip","AN","Mozilla/5.0 (Linux; Android 11; Pixel 3"
"2020-10-02","27",2,8,672,"zip","AN","Mozilla/5.0 (iPhone; CPU iPhone OS 13_7 like Mac OS X"
"2020-10-02","165",1,1,35,"zip","AN","Mozilla/5.0 (Linux; Android 10; SM-M013F"
"2020-10-02","157",3,16,3579,"zip","AN","Mozilla/5.0 (Linux; Android 9; LM-X440IM"
"2020-10-02","172",2,11,2283,"zip","AN","Mozilla/5.0 (Linux; Android 10; SM-M205F"
"2020-10-02","175",3,17,4014,"zip","AN","Mozilla/5.0 (Linux; Android 10; POCO F1"
"2020-10-02","55",4,15,1736,"zip","AN","Mozilla/5.0 (Linux; Android 10; Redmi Note 9 Pro"
"2020-10-02","145",5,53,5490,"zip","AN","Mozilla/5.0 (iPad; CPU OS 13_7 like Mac OS X"
"2020-10-02","31",2,4,206,"zip","AN","Mozilla/5.0 (X11; Linux x86_64"
"2020-10-02","209",5,13,3144,"zip","AN","Mozilla/5.0 (iPhone; CPU iPhone OS 14_0_1 like Mac OS X"
"2020-10-02","202",1,3,658,"zip","AN","Mozilla/5.0 (Linux; Android 8.0.0; SM-G935F"
"2020-10-02","07",4,5,291,"zip","AN","Mozilla/5.0 (Linux; Android 10; Redmi Note 7 Pro"
"2020-10-02","02",2,8,1780,"zip","AN","Mozilla/5.0 (Linux; Android 7.0; Redmi Note 4"
"2020-10-02","214",2,3,357,"zip","AN","Mozilla/5.0 (Linux; Android 6.0; vivo 1609"
"2020-10-02","159",2,14,2290,"zip","AN","Mozilla/5.0 (iPhone; CPU iPhone OS 14_0 like Mac OS X"
"2020-10-02","208",1,2,236,"zip","AN","Mozilla/5.0 (Linux; Android 8.1.0; Redmi Go"
"2020-10-02","26",4,11,1308,"zip","AN","Mozilla/5.0 (Linux; Android 9; Redmi 6A"
"2020-10-02","97",1,1,52,"zip","AN","Mozilla/5.0 (Linux; Android 7.0; SM-A510F"
"2020-10-02","150",1,6,2203,"zip","AN","Mozilla/5.0 (iPhone; CPU iPhone OS 14_0 like Mac OS X"
"2020-10-02","37",1,3,215,"zip","AN","Mozilla/5.0 (Linux; Android 9; Redmi Note 8 Pro"
"2020-10-02","09",2,3,175,"zip","AN","Mozilla/5.0 (Linux; Android 10; SM-J810G"
"2020-10-02","83",1,1,95,"zip","AN","Mozilla/5.0 (Linux; Android 10; RMX1925"
"2020-10-03","33",3,11,1596,"zip","AN","Mozilla/5.0 (Linux; Android 10; SM-N975F"
"2020-10-03","171",1,5,306,"zip","AN","Mozilla/5.0 (Linux; Android 8.0.0; ONEPLUS A3003"
"2020-10-03","12",1,8,863,"zip","AN","Mozilla/5.0 (iPhone; CPU iPhone OS 13_3 like Mac OS X"
"2020-10-03","174",1,1,25,"zip","AN","Mozilla/5.0 (Linux; Android 9; HLK-L42"
"2020-10-03","22",4,11,1110,"zip","AN","Mozilla/5.0 (iPhone; CPU iPhone OS 14_0 like Mac OS X"
"2020-10-03","75",1,1,49,"zip","AN","Mozilla/5.0 (Linux; Android 8.1.0; SM-G610F"
"2020-10-03","96",2,5,698,"zip","AN","Mozilla/5.0 (Linux; Android 10; IN2021"
"2020-10-03","203",2,7,447,"zip","AN","Mozilla/5.0 (iPhone; CPU iPhone OS 13_6 like Mac OS X"
"2020-10-03","103",1,1,259,"zip","AN","Mozilla/5.0 (X11; Linux x86_64"
"2020-10-03","36",11,37,9587,"zip","AN","Mozilla/5.0 (Linux; Android 10; SM-M015G"
"2020-10-03","21",5,15,1582,"zip","AN","Mozilla/5.0 (Linux; Android 9; LLD-AL10"
"2020-10-03","11",3,8,1090,"zip","AN","Mozilla/5.0 (Linux; Android 10; CPH1945"
"2020-10-03","185",2,21,3855,"zip","AN","Mozilla/5.0 (iPhone; CPU iPhone OS 13_3 like Mac OS X"
"2020-10-03","38",2,7,2976,"zip","AN","Mozilla/5.0 (iPhone; CPU iPhone OS 14_0_1 like Mac OS X"
"2020-10-03","212",4,35,6094,"zip","AN","Mozilla/5.0 (iPhone; CPU iPhone OS 13_7 like Mac OS X"
"2020-10-03","119",3,3,207,"zip","AN","Mozilla/5.0 (Linux; Android 9; Redmi Note 7 Pro"
"2020-10-03","169",3,4,192,"zip","AN","Mozilla/5.0 (Linux; Android 10; GM1901"
"2020-10-03","152",2,4,321,"zip","AN","Mozilla/5.0 (Linux; U; Android 10; en-gb; Redmi Note 7 Pro Build/QKQ1.190915.002"
"2020-10-03","211",1,2,135,"zip","AN","Mozilla/5.0 (Linux; Android 10; Redmi Note 8 Pro"
"2020-10-03","188",1,3,208,"zip","AN","Mozilla/5.0 (Linux; U; Android 10; en-in; POCO M2 Pro Build/QKQ1.191215.002"
"2020-10-03","129",1,3,137,"zip","AN","Mozilla/5.0 (Linux; Android 10; SM-M315F"
"2020-10-03","39",5,41,4373,"zip","AN","Mozilla/5.0 (Linux; Android 10; SM-G770F"
"2020-10-03","158",6,15,1181,"zip","AN","Mozilla/5.0 (Linux; Android 10; Nokia 6.1 Plus"
"2020-10-03","113",1,3,353,"zip","AN","Mozilla/5.0 (Linux; Android 9; SM-N960F"
"2020-10-03","117",4,23,2382,"zip","AN","Mozilla/5.0 (Linux; Android 10; RMX1827"
"2020-10-03","151",2,2,366,"zip","AN","Mozilla/5.0 (Linux; Android 10; Redmi Note 8 Pro"
"2020-10-03","210",3,7,807,"zip","AN","Mozilla/5.0 (Linux; Android 10; GM1911"
"2020-10-03","165",3,7,613,"zip","AN","Mozilla/5.0 (Linux; Android 10; RMX2027"
"2020-10-03","157",1,2,111,"zip","AN","Mozilla/5.0 (iPhone; CPU iPhone OS 13_7 like Mac OS X"
"2020-10-03","172",1,2,192,"zip","AN","Mozilla/5.0 (iPhone; CPU iPhone OS 12_4 like Mac OS X"
"2020-10-03","175",2,6,1175,"zip","AN","Mozilla/5.0 (iPad; CPU OS 13_7 like Mac OS X"
"2020-10-03","31",4,5,631,"zip","AN","Mozilla/5.0 (Linux; Android 10; RMX1825"
"2020-10-03","204",13,22,1745,"zip","AN","Mozilla/5.0 (Linux; Android 9; CPH1969"
"2020-10-03","89",2,2,93,"zip","AN","Mozilla/5.0 (Linux; Android 10; ONEPLUS A6010"
"2020-10-03","209",5,8,919,"zip","AN","Mozilla/5.0 (iPhone; CPU iPhone OS 13_3 like Mac OS X"
"2020-10-03","176",1,2,339,"zip","AN","Mozilla/5.0 (Linux; Android 9; SM-A507FN"
"2020-10-03","148",1,1,56,"zip","AN","Mozilla/5.0 (Macintosh; Intel Mac OS X 10_15_4"
"2020-10-03","206",8,45,4328,"zip","AN","Mozilla/5.0 (iPhone; CPU iPhone OS 13_7 like Mac OS X"
"2020-10-03","43",1,3,380,"zip","AN","Mozilla/5.0 (Linux; Android 9; vivo 1804"
"2020-10-03","98",2,5,2139,"zip","AN","Mozilla/5.0 (Linux; Android 8.1.0; CPH1809"
"2020-10-03","202",4,21,2637,"zip","AN","Mozilla/5.0 (Linux; Android 10; vivo 1933; wv"
"2020-10-03","07",2,12,2095,"zip","AN","Mozilla/5.0 (iPhone; CPU iPhone OS 13_5 like Mac OS X"
"2020-10-03","18",2,6,1246,"zip","AN","Mozilla/5.0 (Linux; Android 10; ONEPLUS A6000"
"2020-10-03","26",1,2,296,"zip","AN","Mozilla/5.0 (Linux; Android 10; motorola one vision"
"2020-10-03","178",1,1,54,"zip","AN","Mozilla/5.0 (Linux; Android 10; SM-G970F"
"2020-10-03","09",2,12,1215,"zip","AN","Mozilla/5.0 (Linux; Android 10; SM-M405F"
"2020-10-03","149",4,18,1674,"zip","AN","Mozilla/5.0 (Linux; Android 9; CPH1859"
"2020-10-03","150",2,3,323,"zip","AN","Mozilla/5.0 (Linux; Android 9; vivo 1901"
"2020-10-03","28",1,3,1824,"zip","AN","Mozilla/5.0 (Linux; Android 9; G8141"
"2020-10-03","05",2,4,530,"zip","AN","Mozilla/5.0 (Linux; Android 9; Redmi Note 7 Pro"
"2020-10-03","160",2,6,356,"zip","AN","Mozilla/5.0 (Linux; Android 10; SM-G965F"
"2020-10-03","121",1,5,734,"zip","AN","Mozilla/5.0 (Linux; Android 10; CPH1821"
"2020-10-03","146",3,14,1114,"zip","AN","Mozilla/5.0 (iPhone; CPU iPhone OS 14_0_1 like Mac OS X"
"2020-10-03","166",10,39,4665,"zip","AN","Mozilla/5.0 (Linux; Android 9; RMX1831"
"2020-10-04","156",2,6,259,"zip","AN","Mozilla/5.0 (iPhone; CPU iPhone OS 13_7 like Mac OS X"
"2020-10-04","181",2,5,116,"zip","AN","Mozilla/5.0 (Linux; Android 10; SM-M515F"
"2020-10-04","185",6,15,3205,"zip","AN","Mozilla/5.0 (Linux; Android 10; Mi A2"
"2020-10-04","115",1,8,509,"zip","AN","Mozilla/5.0 (Linux; U; Android 10; en-US; vivo 1933 Build/QP1A.190711.020"
"2020-10-04","183",1,3,155,"zip","AN","Mozilla/5.0 (iPhone; CPU iPhone OS 13_7 like Mac OS X"
"2020-10-04","144",1,1,51,"zip","AN","Mozilla/5.0 (Linux; Android 10; POCO M2 Pro"
"2020-10-04","167",3,5,779,"zip","AN","Mozilla/5.0 (Linux; Android 10; SM-A605G"
"2020-10-04","32",3,17,2519,"zip","AN","Mozilla/5.0 (Linux; Android 9; SM-A105F"
"2020-10-04","161",4,20,2792,"zip","AN","Mozilla/5.0 (Linux; Android 10; SM-N960F"
"2020-10-04","16",2,7,653,"zip","AN","Mozilla/5.0 (Linux; Android 10; SM-M315F"
"2020-10-04","59",3,10,1141,"zip","AN","Mozilla/5.0 (iPhone; CPU iPhone OS 14_0_1 like Mac OS X"
"2020-10-04","177",3,9,1191,"zip","AN","Mozilla/5.0 (Linux; Android 10; SM-M215F"
"2020-10-04","113",1,1,132,"zip","AN","Mozilla/5.0 (Linux; Android 9; SM-A750F"
"2020-10-04","175",6,16,2526,"zip","AN","Mozilla/5.0 (Linux; Android 9; CPH2083"
"2020-10-04","118",3,15,1765,"zip","AN","Mozilla/5.0 (Linux; Android 10; vivo 1818; wv"
"2020-10-04","164",3,6,567,"zip","AN","Mozilla/5.0 (Linux; Android 9; Redmi 6A"
"2020-10-04","44",6,18,2499,"zip","AN","Mozilla/5.0 (Linux; Android 9; TECNO CB7"
"2020-10-04","204",4,14,1886,"zip","AN","Mozilla/5.0 (Linux; Android 9; vivo 1907"
"2020-10-04","23",3,10,663,"zip","AN","Mozilla/5.0 (Linux; Android 8.1.0; SM-G610F"
"2020-10-04","89",1,1,47,"zip","AN","Mozilla/5.0 (Linux; Android 8.1.0; vivo 1718"
"2020-10-04","207",1,3,233,"zip","AN","Mozilla/5.0 (Linux; Android 10; GM1911"
"2020-10-04","03",3,3,431,"zip","AN","Mozilla/5.0 (Linux; Android 10; SAMSUNG SM-A217F"
"2020-10-04","202",1,2,144,"zip","AN","Mozilla/5.0 (Linux; Android 9; Mi A1"
"2020-10-04","110",2,3,325,"zip","AN","Mozilla/5.0 (Linux; Android 10; SM-A505F"
"2020-10-04","94",1,5,482,"zip","AN","Mozilla/5.0 (Linux; Android 11; Pixel 2 XL"
"2020-10-04","149",4,14,1708,"zip","AN","Mozilla/5.0 (iPhone; CPU iPhone OS 14_0_1 like Mac OS X"
"2020-10-04","150",1,2,143,"zip","AN","Mozilla/5.0 (Linux; Android 10; SM-A315F"
"2020-10-04","142",4,38,5911,"zip","AN","Mozilla/5.0 (iPad; CPU OS 13_7 like Mac OS X"
"2020-10-04","29",6,21,1004,"zip","AN","Mozilla/5.0 (Linux; Android 9; vivo 1819 Build/P00610; wv"
"2020-10-04","102",5,28,2466,"zip","AN","Mozilla/5.0 (iPhone; CPU iPhone OS 14_0 like Mac OS X"
"2020-10-04","02",1,3,281,"zip","AN","Mozilla/5.0 (Linux; Android 10; Redmi Note 7S"
"2020-10-04","114",3,7,1542,"zip","AN","Mozilla/5.0 (Linux; Android 10; vivo 1933"
"2020-10-04","146",1,1,149,"zip","AN","Mozilla/5.0 (Linux; Android 10; RMX1825"
"2020-10-04","83",2,6,626,"zip","AN","Mozilla/5.0 (Linux; Android 10; SM-M315F"
"2020-10-04","125",1,2,63,"zip","AN","Mozilla/5.0 (X11; Linux x86_64"
"2020-10-04","171",2,7,577,"zip","AN","Mozilla/5.0 (Linux; U; Android 10; en-in; Redmi K20 Build/QKQ1.190825.002"
"2020-10-04","162",1,4,510,"zip","AN","Mozilla/5.0 (Linux; Android 10; RMX2061"
"2020-10-04","12",2,5,549,"zip","AN","Mozilla/5.0 (Linux; Android 5.1.1; vivo Y21L Build/LMY47V; wv"
"2020-10-04","174",3,23,3316,"zip","AN","Mozilla/5.0 (Linux; Android 10; moto g"
"2020-10-04","128",3,10,1201,"zip","AN","Mozilla/5.0 (iPhone; CPU iPhone OS 13_7 like Mac OS X"
"2020-10-04","143",3,7,870,"zip","AN","Mozilla/5.0 (Linux; Android 10; RMX1901"
"2020-10-04","36",1,1,86,"zip","AN","Mozilla/5.0 (Linux; Android 10; ONEPLUS A5010"
"2020-10-04","21",1,9,652,"zip","AN","Mozilla/5.0 (Linux; Android 10; CPH2061"
"2020-10-05","11",10,41,3772,"zip","AN","Mozilla/5.0 (Linux; Android 9; vivo 1804"
"2020-10-05","177",2,18,3134,"zip","AN","Mozilla/5.0 (iPhone; CPU iPhone OS 14_0 like Mac OS X"
"2020-10-05","04",4,13,1150,"zip","AN","Mozilla/5.0 (iPhone; CPU iPhone OS 13_7 like Mac OS X"
"2020-10-05","216",3,6,447,"zip","AN","Mozilla/5.0 (Linux; Android 9; vivo 1916 Build/PKQ1.190626.001; wv"
"2020-10-05","119",1,2,321,"zip","AN","Mozilla/5.0 (Linux; Android 10; CPH1969"
"2020-10-05","152",2,7,1990,"zip","AN","Mozilla/5.0 (Linux; Android 10; POCO X2"
"2020-10-05","175",4,6,714,"zip","AN","Mozilla/5.0 (iPhone; CPU iPhone OS 13_6 like Mac OS X"
"2020-10-05","188",3,10,1363,"zip","AN","Mozilla/5.0 (Linux; Android 10; HD1901"
"2020-10-05","39",1,3,80,"zip","AN","Mozilla/5.0 (iPad; CPU OS 12_1_4 like Mac OS X"
"2020-10-05","158",1,6,730,"zip","AN","Mozilla/5.0 (iPhone; CPU iPhone OS 14_0_1 like Mac OS X"
"2020-10-05","117",3,6,1170,"zip","AN","Mozilla/5.0 (iPhone; CPU iPhone OS 14_0 like Mac OS X"
"2020-10-05","204",1,2,122,"zip","AN","Mozilla/5.0 (Linux; Android 8.1.0; CPH1803"
"2020-10-05","23",5,23,1929,"zip","AN","Mozilla/5.0 (Linux; Android 7.0; Redmi Note 4"
"2020-10-05","210",2,17,2949,"zip","AN","Mozilla/5.0 (Linux; Android 11; Pixel 2 XL"
"2020-10-05","157",1,7,753,"zip","AN","Mozilla/5.0 (Linux; Android 10; SM-A715F"
"2020-10-05","207",1,2,1211,"zip","AN","Mozilla/5.0 (Linux; Android 9; SM-G955F"
"2020-10-05","172",3,6,813,"zip","AN","Mozilla/5.0 (Linux; Android 9; vivo 1904"
"2020-10-05","31",1,21,2327,"zip","AN","Mozilla/5.0 (iPhone; CPU iPhone OS 14_0 like Mac OS X"
"2020-10-05","202",5,54,8281,"zip","AN","Mozilla/5.0 (Linux; Android 5.1.1; SM-J700F"
"2020-10-05","27",5,22,3470,"zip","AN","Mozilla/5.0 (Linux; Android 10; ONEPLUS A6000"
"2020-10-05","148",1,2,179,"zip","AN","Mozilla/5.0 (Linux; Android 9; Redmi 7A"
"2020-10-05","176",2,8,694,"zip","AN","Mozilla/5.0 (Linux; Android 10; SAMSUNG SM-A315F"
"2020-10-05","201",4,16,1903,"zip","AN","Mozilla/5.0 (Linux; Android 10; ONEPLUS A6010"
"2020-10-05","150",2,3,458,"zip","AN","Mozilla/5.0 (Linux; Android 10; vivo 1818"
"2020-10-05","29",1,1,34,"zip","AN","Mozilla/5.0 (Linux; Android 10; SM-A515F"
"2020-10-05","07",3,4,395,"zip","AN","Mozilla/5.0 (Linux; Android 9; CPH1937"
"2020-10-05","106",1,4,137,"zip","AN","Mozilla/5.0 (Linux; Android 10; SM-A707F"
"2020-10-05","114",1,3,545,"zip","AN","Mozilla/5.0 (Linux; Android 8.1.0; Redmi Note 6 Pro Build/OPM1.171019.011"
"2020-10-05","125",2,6,718,"zip","AN","Mozilla/5.0 (Linux; Android 10; SM-G975F"
"2020-10-05","12",3,9,1417,"zip","AN","Mozilla/5.0 (Linux; Android 8.1.0; vivo 1724"
"2020-10-05","05",3,12,744,"zip","AN","Mozilla/5.0 (Linux; Android 9; ASUS_X00TD"
"2020-10-05","159",1,1,53,"zip","AN","Mozilla/5.0 (Linux; Android 8.0.0; SM-A910F"
"2020-10-05","173",2,2,139,"zip","AN","Mozilla/5.0 (Linux; Android 9; vivo 1902"
"2020-10-05","37",5,11,1221,"zip","AN","Mozilla/5.0 (Linux; Android 9; vivo 1916"
"2020-10-05","166",1,1,109,"zip","AN","Mozilla/5.0 (Linux; Android 9; RMX1805"
"2020-10-05","111",2,11,956,"zip","AN","Mozilla/5.0 (iPhone; CPU iPhone OS 13_7 like Mac OS X"
"2020-10-05","33",4,7,606,"zip","AN","Mozilla/5.0 (Linux; Android 10; vivo 1818"
"2020-10-05","115",3,19,3100,"zip","AN","Mozilla/5.0 (iPhone; CPU iPhone OS 13_7 like Mac OS X"
"2020-10-05","22",1,3,302,"zip","AN","Mozilla/5.0 (Linux; Android 9; vivo 1818"
"2020-10-05","183",6,39,8366,"zip","AN","Mozilla/5.0 (Linux; Android 10; GM1901"
"2020-10-05","205",1,1,9,"zip","AN","Mozilla/5.0 (iPhone; CPU OS 14_0_1 like Mac OS X"
"2020-10-05","103",2,5,1380,"zip","AN","Mozilla/5.0 (iPhone; CPU iPhone OS 14_0_1 like Mac OS X"
"2020-10-05","32",2,8,615,"zip","AN","Mozilla/5.0 (Linux; Android 10; Redmi Note 7 Pro"
"2020-10-05","161",1,1,88,"zip","AN","Mozilla/5.0 (Linux; U; Android 10; en-US; SM-A705FN Build/QP1A.190711.020"
"2020-10-06","16",1,2,110,"zip","AN","Mozilla/5.0 (Linux; Android 10; SM-A207F"
"2020-10-06","175",7,31,3939,"zip","AN","Mozilla/5.0 (Linux; Android 10; SM-N975F"
"2020-10-06","39",1,3,184,"zip","AN","Mozilla/5.0 (Linux; Android 8.1.0; CPH1909"
"2020-10-06","212",4,19,1683,"zip","AN","Mozilla/5.0 (Linux; Android 8.1.0; SM-G610F"
"2020-10-06","186",5,9,5796,"zip","AN","Mozilla/5.0 (Linux; Android 10; motorola one power"
"2020-10-06","154",1,4,332,"zip","AN","Mozilla/5.0 (iPhone; CPU iPhone OS 13_7 like Mac OS X"
"2020-10-06","44",2,10,2070,"zip","AN","Mozilla/5.0 (Linux; Android 10; AC2001"
"2020-10-06","150",5,16,1536,"zip","AN","Mozilla/5.0 (iPhone; CPU iPhone OS 13_1_3 like Mac OS X"
"2020-10-06","29",1,14,1441,"zip","AN","Mozilla/5.0 (Linux; Android 8.1.0; SM-G615F"
"2020-10-06","106",2,3,765,"zip","AN","Mozilla/5.0 (Linux; Android 10; M2003J15SC"
"2020-10-06","69",1,3,1470,"zip","AN","Mozilla/5.0 (Linux; U; Android 9; en-us; CPH1823 Build/PPR1.180610.011"
"2020-10-06","149",2,4,343,"zip","AN","Mozilla/5.0 (Linux; Android 9; RMX2030"
"2020-10-06","98",1,3,123,"zip","AN","Mozilla/5.0 (Linux; Android 10; Redmi Note 8 Pro"
"2020-10-06","70",5,12,1363,"zip","AN","Mozilla/5.0 (iPhone; CPU iPhone OS 13_7 like Mac OS X"
"2020-10-06","147",3,18,2892,"zip","AN","Mozilla/5.0 (iPhone; CPU iPhone OS 14_0_1 like Mac OS X"
"2020-10-06","102",1,1,65,"zip","AN","Mozilla/5.0 (Linux; Android 10; SM-J600GF"
"2020-10-06","12",2,10,902,"zip","AN","Mozilla/5.0 (Linux; Android 10; Redmi Note 9 Pro"
"2020-10-06","02",2,59,5362,"zip","AN","Mozilla/5.0 (iPhone; CPU iPhone OS 13_6 like Mac OS X"
"2020-10-06","159",4,8,653,"zip","AN","Mozilla/5.0 (Linux; Android 10; HD1901"
"2020-10-06","26",2,7,2225,"zip","AN","Mozilla/5.0 (Linux; Android 10; SM-M315F"
"2020-10-06","178",3,11,1506,"zip","AN","Mozilla/5.0 (Linux; Android 10; HD1901"
"2020-10-06","83",5,8,1441,"zip","AN","Mozilla/5.0 (Linux; Android 7.1.1; Moto E "
"2020-10-06","183",2,7,1250,"zip","AN","Mozilla/5.0 (Linux; Android 10; IN2011"
"2020-10-06","121",6,13,1419,"zip","AN","Mozilla/5.0 (Linux; Android 9; Redmi Note 6 Pro"
"2020-10-06","103",2,7,2094,"zip","AN","Mozilla/5.0 (iPad; CPU OS 13_2 like Mac OS X"
"2020-10-06","161",1,10,727,"zip","AN","Mozilla/5.0 (Linux; Android 9; Redmi Note 7 Pro"
"2020-10-06","130",3,8,866,"zip","AN","Mozilla/5.0 (Linux; Android 10; SM-A505F"
"2020-10-06","17",2,9,1368,"zip","AN","Mozilla/5.0 (Linux; Android 8.1.0; vivo 1815 Build/O11019; wv"
"2020-10-06","65",1,2,149,"zip","AN","Mozilla/5.0 (Linux; Android 10; CPH2001"
"2020-10-06","181",1,7,776,"zip","AN","Mozilla/5.0 (Linux; Android 10; vivo 1919"
"2020-10-06","11",5,23,1578,"zip","AN","Mozilla/5.0 (iPhone; CPU iPhone OS 13_6_1 like Mac OS X"
"2020-10-06","144",1,1,699,"zip","AN","Mozilla/5.0 (Macintosh; Intel Mac OS X 10_15_4"
"2020-10-06","203",3,14,2378,"zip","AN","Mozilla/5.0 (Linux; Android 10; SM-G770F"
"2020-10-07","117",1,1,50,"zip","AN","Mozilla/5.0 (Linux; Android 10; SM-G885F"
"2020-10-07","210",5,26,3769,"zip","AN","Mozilla/5.0 (Linux; Android 10; SM-G975F"
"2020-10-07","207",2,4,426,"zip","AN","Mozilla/5.0 (Linux; Android 5.1; vivo Y21"
"2020-10-07","217",2,11,248,"zip","AN","Mozilla/5.0 (Linux; Android 8.1.0; Redmi Note 5 Pro"
"2020-10-07","29",1,3,170,"zip","AN","Mozilla/5.0 (Linux; U; Android 10; en-US; SM-A217F Build/QP1A.190711.020"
"2020-10-07","151",2,5,341,"zip","AN","Mozilla/5.0 (Linux; Android 10; IN2011"
"2020-10-07","148",4,14,1092,"zip","AN","Mozilla/5.0 (Linux; Android 9; CPH2083"
"2020-10-07","01",1,3,505,"zip","AN","Mozilla/5.0 (Linux; Android 10; RMX2027"
"2020-10-07","201",1,2,50,"zip","AN","Mozilla/5.0 (Linux; Android 10; HD1901"
"2020-10-07","170",2,11,1423,"zip","AN","Mozilla/5.0 (iPhone; CPU iPhone OS 12_4_2 like Mac OS X"
"2020-10-07","98",2,6,1575,"zip","AN","Mozilla/5.0 (Linux; Android 10; IN2011"
"2020-10-07","07",1,6,987,"zip","AN","Mozilla/5.0 (iPhone; CPU iPhone OS 13_0 like Mac OS X"
"2020-10-07","159",1,3,1226,"zip","AN","Mozilla/5.0 (Linux; Android 10; RMX1971"
"2020-10-07","02",4,11,1974,"zip","AN","Mozilla/5.0 (Linux; Android 10; RMX2030"
"2020-10-07","26",2,19,631,"zip","AN","Mozilla/5.0 (iPhone; CPU iPhone OS 14_0_1 like Mac OS X"
"2020-10-07","142",2,4,326,"zip","AN","Mozilla/5.0 (Linux; Android 8.1.0; vivo 1816"
"2020-10-07","183",1,3,319,"zip","AN","Mozilla/5.0 (Linux; Android 10; SM-M307F"
"2020-10-07","37",2,3,300,"zip","AN","Mozilla/5.0 (Linux; Android 10; AC2001"
"2020-10-07","09",1,2,24,"zip","AN","Mozilla/5.0 (Linux; Android 6.0; Nexus 5 Build/MRA58N"
"2020-10-07","166",3,12,868,"zip","AN","Mozilla/5.0 (Linux; Android 7.0; Redmi Note 4"
"2020-10-07","65",2,9,1750,"zip","AN","Mozilla/5.0 (Linux; Android 10; SM-A805F"
"2020-10-07","162",2,10,1063,"zip","AN","Mozilla/5.0 (Linux; Android 9; SM-N950F"
"2020-10-07","174",6,19,2951,"zip","AN","Mozilla/5.0 (Linux; Android 10; Redmi Note 9 Pro Max"
"2020-10-07","160",3,6,818,"zip","AN","Mozilla/5.0 (iPhone; CPU iPhone OS 14_0_1 like Mac OS X"
"2020-10-07","128",2,7,917,"zip","AN","Mozilla/5.0 (Linux; Android 10; POCO F1"
"2020-10-07","36",1,3,81,"zip","AN","Mozilla/5.0 (iPhone; CPU iPhone OS 13_6 like Mac OS X"
"2020-10-07","21",5,18,3605,"zip","AN","Mozilla/5.0 (Linux; Android 10; RMX1925"
"2020-10-07","175",2,4,245,"zip","AN","Mozilla/5.0 (Linux; Android 10; RMX1921"
"2020-10-07","177",1,3,307,"zip","AN","Mozilla/5.0 (Linux; Android 10; ONEPLUS A6000"
"2020-10-07","04",1,1,538,"zip","AN","Mozilla/5.0 (Linux; Android 10; motorola one fusion+"
"2020-10-07","216",5,14,1799,"zip","AN","Mozilla/5.0 (iPhone; CPU iPhone OS 14_0_1 like Mac OS X"
"2020-10-07","154",1,2,82,"zip","AN","Mozilla/5.0 (iPhone; CPU iPhone OS 14_0_1 like Mac OS X"
"2020-10-07","213",3,6,2457,"zip","AN","Mozilla/5.0 (iPhone; CPU iPhone OS 13_5 like Mac OS X"
"2020-10-08","168",3,8,606,"zip","AN","Mozilla/5.0 (Linux; Android 9; Redmi Y2"
"2020-10-08","29",3,8,4961,"zip","AN","Mozilla/5.0 (Linux; Android 10; Redmi Note 9 Pro"
"2020-10-08","204",2,8,911,"zip","AN","Mozilla/5.0 (Linux; Android 10; POCO X2"
"2020-10-08","23",4,6,926,"zip","AN","Mozilla/5.0 (Linux; Android 10; Redmi Note 9 Pro"
"2020-10-08","157",3,5,863,"zip","AN","Mozilla/5.0 (Linux; Android 9; vivo 1723"
"2020-10-08","129",2,8,956,"zip","AN","Mozilla/5.0 (Linux; Android 10; SM-A305F"
"2020-10-08","07",4,5,510,"zip","AN","Mozilla/5.0 (Linux; Android 5.1; Panasonic_Eluga_I3"
"2020-10-08","159",2,8,605,"zip","AN","Mozilla/5.0 (Linux; Android 10; CPH1911"
"2020-10-08","106",1,1,282,"zip","AN","Mozilla/5.0 (Linux; Android 10; Nokia 7.2 Build/QKQ1.191014.001"
"2020-10-08","122",1,4,1513,"zip","AN","Mozilla/5.0 (iPhone; CPU iPhone OS 14_0_1 like Mac OS X"
"2020-10-08","182",1,4,369,"zip","AN","Mozilla/5.0 (Linux; Android 10; Redmi Note 7 Pro"
"2020-10-08","102",2,2,327,"zip","AN","Mozilla/5.0 (Linux; Android 7.0; BLN-L21"
"2020-10-08","12",5,16,1096,"zip","AN","Mozilla/5.0 (iPhone; CPU iPhone OS 14_0_1 like Mac OS X"
"2020-10-08","37",4,8,889,"zip","AN","Mozilla/5.0 (Linux; Android 9; CPH1937"
"2020-10-08","55",1,2,676,"zip","AN","Mozilla/5.0 (Linux; Android 9; SM-A305F"
"2020-10-08","09",1,2,59,"zip","AN","Mozilla/5.0 (iPhone; CPU iPhone OS 13_2_3 like Mac OS X"
"2020-10-08","125",2,3,345,"zip","AN","Mozilla/5.0 (Linux; Android 10; SAMSUNG SM-A750F"
"2020-10-08","145",2,3,327,"zip","AN","Mozilla/5.0 (Android 9; Mobile; rv:80.0"
"2020-10-08","35",1,4,60,"zip","AN","Mozilla/5.0 (Linux; Android 9; Redmi Note 7 Pro"
"2020-10-08","160",2,3,165,"zip","AN","Mozilla/5.0 (Linux; Android 9; vivo 1901 Build/PPR1.180610.011; wv"
"2020-10-08","173",4,11,1139,"zip","AN","Mozilla/5.0 (Linux; Android 10; ONEPLUS A6000"
"2020-10-08","121",2,5,168,"zip","AN","Mozilla/5.0 (Linux; U; Android 8.1.0; en-us; CPH1803 Build/OPM1.171019.026"
"2020-10-08","128",1,1,54,"zip","AN","Mozilla/5.0 (iPhone; CPU iPhone OS 14_0_1 like Mac OS X"
"2020-10-08","146",1,1,59,"zip","AN","Mozilla/5.0 (Linux; Android 10; RMX1992"
"2020-10-08","161",2,5,536,"zip","AN","Mozilla/5.0 (Linux; Android 8.0.0; AGS2-W09"
"2020-10-08","36",2,7,568,"zip","AN","Mozilla/5.0 (Linux; Android 10; CPH1881"
"2020-10-08","130",1,4,377,"zip","AN","Mozilla/5.0 (Linux; Android 9; vivo 1920"
"2020-10-08","175",3,6,405,"zip","AN","Mozilla/5.0 (iPhone; CPU iPhone OS 13_5_1 like Mac OS X"
"2020-10-08","33",4,46,4030,"zip","AN","Mozilla/5.0 (Linux; Android 7.1.2; Redmi 5A Build/N2G47H"
"2020-10-08","143",2,6,2943,"zip","AN","Mozilla/5.0 (Linux; Android 10; SM-A705GM"
"2020-10-08","32",2,7,691,"zip","AN","Mozilla/5.0 (Linux; Android 10; RMX1992"
"2020-10-08","180",1,1,47,"zip","AN","Mozilla/5.0 (Linux; Android 8.1.0; Moto G "
"2020-10-08","179",5,10,1297,"zip","AN","Mozilla/5.0 (Linux; Android 10; HD1901"
"2020-10-08","185",2,3,752,"zip","AN","Mozilla/5.0 (Linux; Android 5.1.1; A37f"
"2020-10-08","39",4,9,1666,"zip","AN","Mozilla/5.0 (Linux; Android 9; ASUS_X00TD"
"2020-10-08","117",3,22,1560,"zip","AN","Mozilla/5.0 (Linux; Android 10; Redmi Note 8 Pro"
"2020-10-08","75",2,10,1111,"zip","AN","Mozilla/5.0 (iPhone; CPU iPhone OS 14_0 like Mac OS X"
"2020-10-08","153",2,7,322,"zip","AN","Mozilla/5.0 (Linux; U; Android 10; en-in; Redmi Note 8 Pro Build/QP1A.190711.020"
"2020-10-08","167",1,5,1033,"zip","AN","Mozilla/5.0 (Linux; Android 8.0.0; SM-G935F"
"2020-10-08","127",1,1,40,"zip","AN","Mozilla/5.0 (Linux; Android 8.1.0; vivo 1814 Build/O11019; wv"
"2020-10-08","119",1,1,6411,"zip","AN","Mozilla/5.0 (Linux; Android 10; SM-N960F"
"2020-10-09","207",4,5,803,"zip","AN","Mozilla/5.0 (Linux; Android 10; Redmi Note 7 Pro"
"2020-10-09","129",2,3,204,"zip","AN","Mozilla/5.0 (Linux; Android 8.0.0; SM-C900F"
"2020-10-09","59",1,2,186,"zip","AN","Mozilla/5.0 (Linux; Android 10; SM-M307F"
"2020-10-09","158",1,1,47,"zip","AN","Mozilla/5.0 (Linux; Android 7.1.2; vivo 1611"
"2020-10-09","172",1,3,188,"zip","AN","Mozilla/5.0 (Linux; Android 9; Redmi 6"
"2020-10-09","12",2,8,594,"zip","AN","Mozilla/5.0 (iPhone; CPU iPhone OS 13_7 like Mac OS X"
"2020-10-09","03",2,6,1212,"zip","AN","Mozilla/5.0 (Linux; Android 9; POCO F1"
"2020-10-09","110",2,19,2638,"zip","AN","Mozilla/5.0 (Linux; Android 9; Redmi Note 8 Pro"
"2020-10-09","160",2,17,2517,"zip","AN","Mozilla/5.0 (Linux; Android 8.1.0; SM-G610F"
"2020-10-09","161",4,9,1778,"zip","AN","Mozilla/5.0 (Linux; Android 10; vivo 1907"
"2020-10-09","36",5,18,2794,"zip","AN","Mozilla/5.0 (Linux; Android 8.1.0; vivo 1811"
"2020-10-09","166",1,1,139,"zip","AN","Mozilla/5.0 (Linux; Android 9; SM-G955F"
"2020-10-09","65",1,1,162,"zip","AN","Mozilla/5.0 (Linux; Android 10; SAMSUNG SM-G985F"
"2020-10-09","17",1,2,147,"zip","AN","Mozilla/5.0 (Linux; Android 10; SM-A515F"
"2020-10-09","181",1,1,88,"zip","AN","Mozilla/5.0 (Linux; Android 9; Redmi Note 5 Pro"
"2020-10-09","115",1,1,15,"zip","AN","Mozilla/5.0 (Linux; Android 10; ONEPLUS A5010"
"2020-10-09","22",2,12,1585,"zip","AN","Mozilla/5.0 (Linux; Android 9; SAMSUNG SM-A505F"
"2020-10-09","75",1,1,27,"zip","AN","Mozilla/5.0 (Linux; Android 7.1.1; CPH1717"
"2020-10-09","04",1,1,95,"zip","AN","Mozilla/5.0 (Linux; Android 9; vivo 1902"
"2020-10-09","144",1,12,1230,"zip","AN","Mozilla/5.0 (iPhone; CPU iPhone OS 12_4_8 like Mac OS X"
"2020-10-09","203",1,1,349,"zip","AN","Mozilla/5.0 (Linux; Android 10; Redmi 8"
"2020-10-09","216",3,12,1755,"zip","AN","Mozilla/5.0 (iPhone; CPU iPhone OS 13_7 like Mac OS X"
"2020-10-09","154",2,8,653,"zip","AN","Mozilla/5.0 (Linux; Android 9; CMR-AL09"
"2020-10-09","16",3,6,249,"zip","AN","Mozilla/5.0 (Linux; Android 7.0; vivo 1714 Build/NRD90M; wv"
"2020-10-09","29",4,10,443,"zip","AN","Mozilla/5.0 (iPhone; CPU iPhone OS 14_0 like Mac OS X"
"2020-10-10","38",2,11,1689,"zip","AN","Mozilla/5.0 (Linux; Android 9; moto g"
"2020-10-10","44",3,9,1256,"zip","AN","Mozilla/5.0 (Linux; Android 10; SM-M307F"
"2020-10-10","07",1,1,83,"zip","AN","Mozilla/5.0 (Linux; Android 10; vivo 1819"
"2020-10-10","169",1,1,62,"zip","AN","Mozilla/5.0 (Linux; Android 8.1.0; Redmi Note 5"
"2020-10-10","182",3,4,407,"zip","AN","Mozilla/5.0 (Linux; U; Android 10; en-in; Redmi 9 Build/QP1A.190711.020"
"2020-10-10","202",3,6,563,"zip","AN","Mozilla/5.0 (Linux; U; Android 10; en-gb; RMX1925 Build/QKQ1.200209.002"
"2020-10-10","89",2,6,417,"zip","AN","Mozilla/5.0 (Linux; Android 8.1.0; Moto G "
"2020-10-10","110",1,1,62,"zip","AN","Mozilla/5.0 (Linux; Android 8.1.0; SM-G610F"
"2020-10-10","26",1,5,380,"zip","AN","Mozilla/5.0 (Linux; Android 10; Redmi Note 7S"
"2020-10-10","37",1,4,815,"zip","AN","Mozilla/5.0 (Linux; Android 10; GM1911"
"2020-10-10","116",1,3,377,"zip","AN","Mozilla/5.0 (Linux; Android 10; RMX1901"
"2020-10-10","36",1,1,22,"zip","AN","Mozilla/5.0 (Linux; Android 8.1.0; SM-G610F"
"2020-10-10","145",6,46,5215,"zip","AN","Mozilla/5.0 (iPhone; CPU iPhone OS 13_7 like Mac OS X"
"2020-10-10","183",3,28,1588,"zip","AN","Mozilla/5.0 (iPhone; CPU iPhone OS 13_5_1 like Mac OS X"
"2020-10-10","178",1,9,2230,"zip","AN","Mozilla/5.0 (iPhone; CPU iPhone OS 14_0_1 like Mac OS X"
"2020-10-10","175",5,20,2401,"zip","AN","Mozilla/5.0 (Linux; Android 9; Redmi 8A"
"2020-10-10","33",2,10,408,"zip","AN","Mozilla/5.0 (iPhone; CPU iPhone OS 13_7 like Mac OS X"
"2020-10-10","17",2,7,1053,"zip","AN","Mozilla/5.0 (Linux; Android 10; SM-M317F"
"2020-10-10","05",3,6,1001,"zip","AN","Mozilla/5.0 (iPhone; CPU iPhone OS 13_7 like Mac OS X"
"2020-10-10","04",1,3,517,"zip","AN","Mozilla/5.0 (Linux; Android 10; Mi A3"
"2020-10-10","144",1,2,530,"zip","AN","Mozilla/5.0 (iPhone; CPU iPhone OS 14_0_1 like Mac OS X"
"2020-10-10","203",1,1,87,"zip","AN","Mozilla/5.0 (Linux; Android 10; SM-G965F"
"2020-10-10","143",4,24,2839,"zip","AN","Mozilla/5.0 (Linux; Android 10; SM-M215F"
"2020-10-10","06",1,2,340,"zip","AN","Mozilla/5.0 (Linux; Android 7.0; Redmi Note 4"
"2020-10-10","180",2,2,918,"zip","AN","Mozilla/5.0 (Linux; Android 6.0.1; SM-A9100"
"2020-10-10","39",1,13,934,"zip","AN","Mozilla/5.0 (iPhone; CPU iPhone OS 14_0_1 like Mac OS X"
"2020-10-10","177",1,4,299,"zip","AN","Mozilla/5.0 (Linux; Android 7.0; Redmi Note 4"
"2020-10-10","117",5,14,1944,"zip","AN","Mozilla/5.0 (Linux; Android 10; RMX1971"
"2020-10-10","127",2,2,427,"zip","AN","Mozilla/5.0 (Linux; Android 8.1.0; BBF100-6"
"2020-10-10","220",2,5,208,"zip","AN","Mozilla/5.0 (Linux; Android 10; SM-A207F"
"2020-10-10","207",2,3,318,"zip","AN","Mozilla/5.0 (Linux; U; Android 10; en-us; RMX1971 Build/QKQ1.190918.001"
"2020-10-10","156",3,6,420,"zip","AN","Mozilla/5.0 (Linux; Android 10; SM-A507FN"
"2020-10-10","129",1,2,160,"zip","AN","Mozilla/5.0 (iPad; CPU OS 14_0 like Mac OS X"
"2020-10-10","23",2,5,411,"zip","AN","Mozilla/5.0 (Linux; Android 10; SAMSUNG SM-A505F"
"2020-10-10","210",1,1,4,"zip","AN","Mozilla/5.0 (Linux; Android 10; SM-M215F"
"2020-10-10","157",2,3,229,"zip","AN","Mozilla/5.0 (Linux; Android 9; Redmi Note 8"
"2020-10-11","188",1,1,63,"zip","AN","Mozilla/5.0 (Linux; Android 10; SM-N960F"
"2020-10-11","202",5,12,2055,"zip","AN","Mozilla/5.0 (Linux; Android 9; Redmi 8"
"2020-10-11","89",1,4,804,"zip","AN","Mozilla/5.0 (Linux; Android 10; IN2011"
"2020-10-11","48",8,17,2007,"zip","AN","Mozilla/5.0 (iPhone; CPU iPhone OS 13_6_1 like Mac OS X"
"2020-10-11","01",3,4,276,"zip","AN","Mozilla/5.0 (Linux; Android 10; CPH2001"
"2020-10-11","116",1,1,75,"zip","AN","Mozilla/5.0 (Linux; U; Android 9; en-us; CPH1933 Build/PKQ1.190714.001"
"2020-10-11","150",1,2,179,"zip","AN","Mozilla/5.0 (iPhone; CPU iPhone OS 14_0_1 like Mac OS X"
"2020-10-11","36",6,15,8489,"zip","AN","Mozilla/5.0 (iPhone; CPU iPhone OS 13_7 like Mac OS X"
"2020-10-11","98",1,1,27,"zip","AN","Mozilla/5.0 (Linux; Android 10; SM-M515F"
"2020-10-11","155",3,9,978,"zip","AN","Mozilla/5.0 (iPhone; CPU iPhone OS 13_4_1 like Mac OS X"
"2020-10-11","183",3,9,1380,"zip","AN","Mozilla/5.0 (iPhone; CPU iPhone OS 14_0_1 like Mac OS X"
"2020-10-11","166",4,17,1942,"zip","AN","Mozilla/5.0 (Linux; Android 9; ONEPLUS A3003"
"2020-10-11","33",2,9,2399,"zip","AN","Mozilla/5.0 (Linux; Android 8.1.0; vivo 1724"
"2020-10-11","17",5,32,4621,"zip","AN","Mozilla/5.0 (Linux; Android 10; HD1901"
"2020-10-11","65",3,23,949,"zip","AN","Mozilla/5.0 (iPhone; CPU iPhone OS 14_0 like Mac OS X"
"2020-10-11","05",5,19,2767,"zip","AN","Mozilla/5.0 (Linux; Android 10; CPH1917"
"2020-10-11","04",1,1,79,"zip","AN","Mozilla/5.0 (Linux; Android 8.1.0; Moto G "
"2020-10-11","144",1,2,54,"zip","AN","Mozilla/5.0 (Linux; Android 10; motorola one power"
"2020-10-11","114",3,9,737,"zip","AN","Mozilla/5.0 (Linux; Android 10; SM-G973F"
"2020-10-11","128",1,4,203,"zip","AN","Mozilla/5.0 (Linux; Android 10; SM-J610F"
"2020-10-11","203",2,8,1230,"zip","AN","Mozilla/5.0 (Linux; Android 10; IN2011"
"2020-10-11","143",1,1,40,"zip","AN","Mozilla/5.0 (Linux; Android 6.0.1; SM-J210F"
"2020-10-11","94",4,8,654,"zip","AN","Mozilla/5.0 (Linux; Android 10; M2006C3LI"
"2020-10-11","130",5,8,461,"zip","AN","Mozilla/5.0 (Windows NT 10.0; Win64; x64"
"2020-10-11","181",4,20,1685,"zip","AN","Mozilla/5.0 (iPhone; CPU iPhone OS 14_0 like Mac OS X"
"2020-10-11","162",2,6,640,"zip","AN","Mozilla/5.0 (Linux; Android 10; CPH1989"
"2020-10-11","117",2,2,127,"zip","AN","Mozilla/5.0 (Linux; Android 7.0; Redmi Note 4"
"2020-10-11","127",1,4,373,"zip","AN","Mozilla/5.0 (Linux; Android 10; vivo 1819"
"2020-10-11","32",1,11,1298,"zip","AN","Mozilla/5.0 (Linux; U; Android 9; en-us; CPH1933 Build/PKQ1.190714.001"
"2020-10-11","220",1,17,1093,"zip","AN","Mozilla/5.0 (iPhone; CPU iPhone OS 14_0_1 like Mac OS X"
"2020-10-11","105",2,15,1655,"zip","AN","Mozilla/5.0 (Linux; Android 6.0.1; Redmi Note 3"
"2020-10-11","29",3,8,586,"zip","AN","Mozilla/5.0 (iPhone; CPU iPhone OS 13_7 like Mac OS X"
"2020-10-11","210",2,8,1100,"zip","AN","Mozilla/5.0 (Linux; Android 10; SM-A505F"
"2020-10-11","213",2,5,500,"zip","AN","Mozilla/5.0 (Linux; Android 9; Redmi Note 6 Pro"
"2020-10-11","157",3,12,1339,"zip","AN","Mozilla/5.0 (Linux; Android 9; Redmi Note 5 Pro"
"2020-10-11","168",3,5,403,"zip","AN","Mozilla/5.0 (Linux; Android 10; RMX1851"
"2020-10-11","212",4,7,1789,"zip","AN","Mozilla/5.0 (Linux; Android 9; ASUS_X01AD"
"2020-10-12","172",1,1,67,"zip","AN","Mozilla/5.0 (Linux; Android 10; SM-T295"
"2020-10-12","12",1,2,155,"zip","AN","Mozilla/5.0 (iPhone; CPU iPhone OS 14_0 like Mac OS X"
"2020-10-12","110",2,3,274,"zip","AN","Mozilla/5.0 (Linux; Android 10; Nokia 5.1 Plus"
"2020-10-12","106",1,4,901,"zip","AN","Mozilla/5.0 (Linux; Android 8.0.0; RNE-L22"
"2020-10-12","26",2,4,232,"zip","AN","Mozilla/5.0 (iPhone; CPU iPhone OS 14_0_1 like Mac OS X"
"2020-10-12","183",6,15,3495,"zip","AN","Mozilla/5.0 (Linux; Android 10; SM-A315F"
"2020-10-12","104",6,25,4264,"zip","AN","Mozilla/5.0 (Linux; Android 9; CPH1931"
"2020-10-12","37",1,1,74,"zip","AN","Mozilla/5.0 (Linux; U; Android 10; en-us; CPH1945 Build/QP1A.190711.020"
"2020-10-12","166",2,4,372,"zip","AN","Mozilla/5.0 (Linux; Android 10; TECNO CD7"
"2020-10-12","145",1,1,232,"zip","AN","Mozilla/5.0 (Linux; Android 9; Redmi Note 6 Pro"
"2020-10-12","164",2,3,161,"zip","AN","Mozilla/5.0 (Linux; Android 10; HD1901"
"2020-10-12","33",3,11,1385,"zip","AN","Mozilla/5.0 (Linux; Android 9; ONEPLUS A3003"
"2020-10-12","02",10,22,3748,"zip","AN","Mozilla/5.0 (Linux; Android 10; Redmi Note 9 Pro"
"2020-10-12","05",2,3,170,"zip","AN","Mozilla/5.0 (Linux; Android 10; GM1911"
"2020-10-12","128",3,21,3734,"zip","AN","Mozilla/5.0 (iPhone; CPU iPhone OS 14_0 like Mac OS X"
"2020-10-12","34",4,32,2388,"zip","AN","Mozilla/5.0 (Linux; Android 10; HRY-LX1T"
"2020-10-12","69",1,3,253,"zip","AN","Mozilla/5.0 (Linux; Android 9; Redmi Note 7S"
"2020-10-12","143",4,32,3590,"zip","AN","Mozilla/5.0 (Linux; Android 10; Nokia 8.1"
"2020-10-12","94",1,1,1380,"zip","AN","Mozilla/5.0 (Linux; Android 8.1.0; Moto G "
"2020-10-12","149",5,16,2092,"zip","AN","Mozilla/5.0 (Linux; Android 10; CPH1969"
"2020-10-12","35",1,2,79,"zip","AN","Mozilla/5.0 (Linux; Android 8.0.0; SM-G930F"
"2020-10-12","162",3,13,2458,"zip","AN","Mozilla/5.0 (Linux; Android 8.1.0; SAMSUNG SM-G615F"
"2020-10-12","117",1,2,136,"zip","AN","Mozilla/5.0 (Linux; U; Android 8.1.0; en-us; CPH1909 Build/O11019"
"2020-10-12","173",4,10,986,"zip","AN","Mozilla/5.0 (Linux; Android 7.0; Redmi Note 4"
"2020-10-12","180",1,3,287,"zip","AN","Mozilla/5.0 (Linux; Android 10; SM-M315F"
"2020-10-12","24",9,32,3405,"zip","AN","Mozilla/5.0 (Linux; Android 8.1.0; CPH1901"
"2020-10-12","174",1,1,32,"zip","AN","Mozilla/5.0 (Linux; Android 10; vivo 2004; wv"
"2020-10-12","22",1,1,28,"zip","AN","Mozilla/5.0 (Linux; Android 8.1.0; CPH1909"
"2020-10-12","129",5,14,1582,"zip","AN","Mozilla/5.0 (Linux; Android 10; SM-M305F"
"2020-10-12","171",2,6,5148,"zip","AN","Mozilla/5.0 (iPhone; CPU iPhone OS 13_7 like Mac OS X"
"2020-10-12","126",3,9,865,"zip","AN","Mozilla/5.0 (Linux; Android 8.1.0; vivo 1820"
"2020-10-12","212",1,12,1576,"zip","AN","Mozilla/5.0 (Linux; Android 8.1.0; Redmi Note 5"
"2020-10-12","23",1,2,228,"zip","AN","Mozilla/5.0 (Linux; Android 10; MI 8 Lite"
"2020-10-12","119",6,29,4151,"zip","AN","Mozilla/5.0 (Linux; Android 4.4.4; SM-T116NY"
"2020-10-12","202",1,2,116,"zip","AN","Mozilla/5.0 (Linux; Android 10; GM1901"
"2020-10-12","38",1,1,68,"zip","AN","Mozilla/5.0 (Linux; Android 10; GM1901"
"2020-10-12","07",4,12,584,"zip","AN","Mozilla/5.0 (iPhone; CPU iPhone OS 14_0_1 like Mac OS X"
"2020-10-12","01",6,18,2093,"zip","AN","Mozilla/5.0 (Linux; Android 9; Redmi 6 Pro"
"2020-10-13","182",3,10,782,"zip","AN","Mozilla/5.0 (Linux; Android 10; Nokia 6.1"
"2020-10-13","150",3,15,699,"zip","AN","Mozilla/5.0 (Macintosh; Intel Mac OS X 10_15_5"
"2020-10-13","145",5,16,2469,"zip","AN","Mozilla/5.0 (Linux; Android 10; GM1911"
"2020-10-13","98",1,2,120,"zip","AN","Mozilla/5.0 (Linux; Android 9; CPH1937"
"2020-10-13","164",1,2,93,"zip","AN","Mozilla/5.0 (iPhone; CPU iPhone OS 14_0_1 like Mac OS X"
"2020-10-13","33",2,2,81,"zip","AN","Mozilla/5.0 (Linux; Android 8.1.0; CPH1809 Build/OPM1.171019.026"
"2020-10-13","151",3,11,3398,"zip","AN","Mozilla/5.0 (Linux; Android 10; AC2001"
"2020-10-13","02",1,2,9,"zip","AN","Mozilla/5.0 (Linux; Android 7.1.2; Redmi 4 Build/N2G47H"
"2020-10-13","163",1,3,296,"zip","AN","Mozilla/5.0 (iPhone; CPU iPhone OS 13_5 like Mac OS X"
"2020-10-13","94",7,18,2648,"zip","AN","Mozilla/5.0 (Linux; Android 7.1.2; Redmi 4"
"2020-10-13","149",1,3,267,"zip","AN","Mozilla/5.0 (Linux; Android 10; CPH1989"
"2020-10-13","118",3,12,1689,"zip","AN","Mozilla/5.0 (iPhone; CPU iPhone OS 14_0_1 like Mac OS X"
"2020-10-13","162",2,6,577,"zip","AN","Mozilla/5.0 (Linux; U; Android 10; en-us; CPH1945 Build/QP1A.190711.020"
"2020-10-13","173",2,11,1352,"zip","AN","Mozilla/5.0 (iPhone; CPU iPhone OS 14_0 like Mac OS X"
"2020-10-13","04",1,3,311,"zip","AN","Mozilla/5.0 (Linux; Android 8.1.0; vivo 1716"
"2020-10-13","144",1,2,518,"zip","AN","Mozilla/5.0 (Linux; Android 10; vivo 1938"
"2020-10-13","114",2,10,1870,"zip","AN","Mozilla/5.0 (Linux; Android 10; Redmi Note 7 Pro"
"2020-10-13","178",5,34,8442,"zip","AN","Mozilla/5.0 (Linux; Android 10; SM-M307F"
"2020-10-13","203",1,1,58,"zip","AN","Mozilla/5.0 (Linux; Android 9; CPH2015"
"2020-10-13","09",4,16,1830,"zip","AN","Mozilla/5.0 (Linux; Android 10; SM-N770F"
"2020-10-13","142",2,13,1250,"zip","AN","Mozilla/5.0 (Linux; Android 10; SM-G965F"
"2020-10-13","130",2,2,143,"zip","AN","Mozilla/5.0 (Linux; Android 9; Redmi Note 8"
"2020-10-13","181",2,14,1392,"zip","AN","Mozilla/5.0 (Linux; Android 9; SM-J701F"
"2020-10-13","127",2,12,1552,"zip","AN","Mozilla/5.0 (Linux; Android 9; Redmi 7A"
"2020-10-13","146",1,2,111,"zip","AN","Mozilla/5.0 (Linux; Android 10; RMX1901"
"2020-10-13","220",6,11,998,"zip","AN","Mozilla/5.0 (Linux; Android 10; RMX2061"
"2020-10-13","85",2,3,247,"zip","AN","Mozilla/5.0 (Linux; Android 10; HD1911"
"2020-10-13","105",2,3,489,"zip","AN","Mozilla/5.0 (Linux; Android 9; CPH1859"
"2020-10-13","39",1,1,173,"zip","AN","Mozilla/5.0 (Linux; Android 10; GM1901"
"2020-10-13","115",2,7,481,"zip","AN","Mozilla/5.0 (Linux; Android 5.1.1; Redmi Note 3 Build/LMY47V"
"2020-10-13","210",4,10,2336,"zip","AN","Mozilla/5.0 (Linux; Android 9; Redmi 6 Pro"
"2020-10-13","216",5,27,4122,"zip","AN","Mozilla/5.0 (iPhone; CPU iPhone OS 13_3 like Mac OS X"
"2020-10-13","119",3,7,758,"zip","AN","Mozilla/5.0 (Linux; Android 8.1.0; BKK-AL10"
"2020-10-13","154",1,2,117,"zip","AN","Mozilla/5.0 (Linux; Android 10; HD1901"
"2020-10-13","213",3,7,413,"zip","AN","Mozilla/5.0 (iPhone; CPU iPhone OS 14_0_1 like Mac OS X"
"2020-10-13","179",5,14,1207,"zip","AN","Mozilla/5.0 (Linux; Android 10; GM1911"
"2020-10-13","16",3,4,584,"zip","AN","Mozilla/5.0 (Linux; Android 10; SM-M305F"
"2020-10-13","156",1,2,127,"zip","AN","Mozilla/5.0 (Linux; Android 9; vivo 1921"
"2020-10-13","168",2,6,275,"zip","AN","Mozilla/5.0 (Linux; Android 10; SM-A217F"
"2020-10-13","185",5,14,981,"zip","AN","Mozilla/5.0 (iPhone; CPU iPhone OS 14_0 like Mac OS X"
"2020-10-13","167",1,4,809,"zip","AN","Mozilla/5.0 (Linux; Android 10; vivo 1909"
"2020-10-13","01",1,2,174,"zip","AN","Mozilla/5.0 (Linux; U; Android 8.1.0; en-gb; Redmi Note 5 Build/OPM1.171019.019"
"2020-10-13","172",4,11,1319,"zip","AN","Mozilla/5.0 (Linux; Android 10; Nokia C3"
"2020-10-13","120",7,37,6564,"zip","AN","Mozilla/5.0 (Linux; Android 9; POCO F1"
"2020-10-13","188",6,23,1953,"zip","AN","Mozilla/5.0 (Linux; Android 9; vivo 1902"
"2020-10-13","44",4,15,1452,"zip","AN","Mozilla/5.0 (Linux; Android 9; SM-J400F"
"2020-10-13","12",3,8,185,"zip","AN","Mozilla/5.0 (iPhone; CPU iPhone OS 13_5_1 like Mac OS X"
"2020-10-13","89",5,13,2266,"zip","AN","Mozilla/5.0 (Linux; Android 10; Redmi Note 9 Pro"
"2020-10-13","106",1,2,200,"zip","AN","Mozilla/5.0 (Linux; Android 6.0.1; vivo 1606 Build/MMB29M; wv"
"2020-10-13","26",1,3,614,"zip","AN","Mozilla/5.0 (iPhone; CPU iPhone OS 13_7 like Mac OS X"
"2020-10-14","94",4,10,788,"zip","AN","Mozilla/5.0 (Linux; Android 10; CPH1938"
"2020-10-14","118",3,16,1556,"zip","AN","Mozilla/5.0 (Linux; Android 10; Redmi Note 9 Pro Max"
"2020-10-14","159",1,16,970,"zip","AN","Mozilla/5.0 (iPhone; CPU iPhone OS 14_0_1 like Mac OS X"
"2020-10-14","155",1,2,33,"zip","AN","Mozilla/5.0 (Linux; Android 10; CPH1931"
"2020-10-14","05",2,6,524,"zip","AN","Mozilla/5.0 (iPhone; CPU iPhone OS 14_0_1 like Mac OS X"
"2020-10-14","04",3,8,679,"zip","AN","Mozilla/5.0 (Linux; Android 5.1.1; SM-T285"
"2020-10-14","114",1,4,270,"zip","AN","Mozilla/5.0 (iPhone; CPU iPhone OS 13_6 like Mac OS X"
"2020-10-14","142",2,12,1378,"zip","AN","Mozilla/5.0 (Linux; U; Android 10; en-gb; RMX1925 Build/QKQ1.200209.002"
"2020-10-14","31",2,2,175,"zip","AN","Mozilla/5.0 (Windows NT 10.0; Win64; x64"
"2020-10-14","35",2,8,1705,"zip","AN","Mozilla/5.0 (iPhone; CPU iPhone OS 14_0_1 like Mac OS X"
"2020-10-14","181",3,9,732,"zip","AN","Mozilla/5.0 (iPhone; CPU iPhone OS 14_0_1 like Mac OS X"
"2020-10-14","117",3,8,2590,"zip","AN","Mozilla/5.0 (Linux; Android 10; RMX2161"
"2020-10-14","176",3,3,203,"zip","AN","Mozilla/5.0 (Linux; U; Android 9; en-US; Redmi Note 8 Pro Build/PPR1.180610.011"
"2020-10-14","127",1,23,1597,"zip","AN","Mozilla/5.0 (iPhone; CPU iPhone OS 14_0_1 like Mac OS X"
"2020-10-14","39",3,6,392,"zip","AN","Mozilla/5.0 (Linux; Android 9; vivo 1904 Build/PPR1.180610.011; wv"
"2020-10-14","216",2,3,114,"zip","AN","Mozilla/5.0 (Linux; Android 10; SM-G980F"
"2020-10-14","32",1,7,527,"zip","AN","Mozilla/5.0 (iPad; CPU OS 14_2 like Mac OS X"
"2020-10-14","154",1,1,53,"zip","AN","Mozilla/5.0 (Linux; Android 7.1.1; CPH1723"
"2020-10-14","213",1,1,500,"zip","AN","Mozilla/5.0 (Linux; Android 10; CPH1819"
"2020-10-14","212",3,10,1127,"zip","AN","Mozilla/5.0 (Windows NT 10.0; Win64; x64"
"2020-10-14","29",8,19,5750,"zip","AN","Mozilla/5.0 (iPhone; CPU iPhone OS 13_7 like Mac OS X"
"2020-10-14","23",9,19,2080,"zip","AN","Mozilla/5.0 (Linux; Android 9; vivo 1804"
"2020-10-14","167",1,1,91,"zip","AN","Mozilla/5.0 (Linux; Android 9; Redmi 6"
"2020-10-14","207",1,1,51,"zip","AN","Mozilla/5.0 (Linux; Android 10; CPH1919"
"2020-10-14","188",1,1,65,"zip","AN","Mozilla/5.0 (Linux; Android 10; Redmi Note 7 Pro"
"2020-10-14","38",1,3,147,"zip","AN","Mozilla/5.0 (Linux; Android 10; ONEPLUS A6010"
"2020-10-14","182",2,13,969,"zip","AN","Mozilla/5.0 (Linux; Android 10; Mi A2"
"2020-10-14","02",1,1,55,"zip","AN","Mozilla/5.0 (Linux; Android 8.1.0; vivo 1724"
"2020-10-15","152",2,5,555,"zip","AN","Mozilla/5.0 (iPhone; CPU iPhone OS 13_6_1 like Mac OS X"
"2020-10-15","149",2,4,729,"zip","AN","Mozilla/5.0 (Linux; Android 9; Redmi 8"
"2020-10-15","36",2,6,752,"zip","AN","Mozilla/5.0 (Linux; U; Android 10; en-us; CPH1969 Build/QP1A.190711.020"
"2020-10-15","142",6,22,2731,"zip","AN","Mozilla/5.0 (iPhone; CPU iPhone OS 14_0_1 like Mac OS X"
"2020-10-15","35",2,3,169,"zip","AN","Mozilla/5.0 (iPhone; CPU iPhone OS 14_0 like Mac OS X"
"2020-10-15","162",3,16,1580,"zip","AN","Mozilla/5.0 (Linux; Android 10; SM-G980F"
"2020-10-15","144",2,5,2921,"zip","AN","Mozilla/5.0 (iPhone; CPU iPhone OS 13_5 like Mac OS X"
"2020-10-15","201",3,12,3394,"zip","AN","Mozilla/5.0 (Linux; Android 9; vivo 1951"
"2020-10-15","128",3,14,1873,"zip","AN","Mozilla/5.0 (Linux; Android 10; HD1901"
"2020-10-15","34",1,2,567,"zip","AN","Mozilla/5.0 (Linux; Android 8.0.0; SM-G935F"
"2020-10-15","203",2,24,3954,"zip","AN","Mozilla/5.0 (iPhone; CPU iPhone OS 13_7 like Mac OS X"
"2020-10-15","130",1,2,42,"zip","AN","Mozilla/5.0 (Linux; Android 9; ASUS_X00TD"
"2020-10-15","17",2,7,1460,"zip","AN","Mozilla/5.0 (Linux; Android 9; Redmi Note 8"
"2020-10-15","27",4,6,646,"zip","AN","Mozilla/5.0 (Linux; Android 9; Redmi 8"
"2020-10-15","131",3,8,504,"zip","AN","Mozilla/5.0 (iPhone; CPU iPhone OS 13_6_1 like Mac OS X"
"2020-10-15","146",5,15,2184,"zip","AN","Mozilla/5.0 (Linux; Android 10; SM-A805F"
"2020-10-15","216",3,9,633,"zip","AN","Mozilla/5.0 (Linux; Android 10; CPH2119"
"2020-10-15","220",3,12,1040,"zip","AN","Mozilla/5.0 (Linux; Android 8.1.0; Redmi Y2"
"2020-10-15","154",3,11,1201,"zip","AN","Mozilla/5.0 (iPhone; CPU iPhone OS 13_5_1 like Mac OS X"
"2020-10-15","105",1,2,169,"zip","AN","Mozilla/5.0 (Macintosh; Intel Mac OS X 10_15_6"
"2020-10-15","147",2,13,837,"zip","AN","Mozilla/5.0 (iPhone; CPU iPhone OS 12_4 like Mac OS X"
"2020-10-15","174",1,1,134,"zip","AN","Mozilla/5.0 (Linux; Android 9; Redmi Note 7 Pro"
"2020-10-15","115",2,17,2474,"zip","AN","Mozilla/5.0 (Linux; Android 9; Redmi Note 5 Pro"
"2020-10-15","212",1,3,348,"zip","AN","Mozilla/5.0 (Linux; Android 9; Redmi Y2"
"2020-10-15","210",2,8,179,"zip","AN","Mozilla/5.0 (iPhone; CPU iPhone OS 14_0_1 like Mac OS X"
"2020-10-15","207",1,2,794,"zip","AN","Mozilla/5.0 (Linux; Android 10; RMX2001"
"2020-10-15","188",3,8,685,"zip","AN","Mozilla/5.0 (Linux; Android 10; HD1901"
"2020-10-15","168",3,29,2531,"zip","AN","Mozilla/5.0 (iPhone; CPU iPhone OS 13_7 like Mac OS X"
"2020-10-15","129",1,3,309,"zip","AN","Mozilla/5.0 (Linux; Android 9; vivo 1916 Build/PKQ1.190626.001; wv"
"2020-10-15","171",1,2,706,"zip","AN","Mozilla/5.0 (iPhone; CPU iPhone OS 13_7 like Mac OS X"
"2020-10-15","177",6,17,1994,"zip","AN","Mozilla/5.0 (Linux; Android 8.1.0; SM-G610F"
"2020-10-15","18",7,17,1487,"zip","AN","Mozilla/5.0 (Linux; Android 10; RMX2040"
"2020-10-15","38",11,24,3115,"zip","AN","Mozilla/5.0 (iPhone; CPU iPhone OS 13_6_1 like Mac OS X"
"2020-10-15","103",2,3,300,"zip","AN","Mozilla/5.0 (Linux; Android 9; BND-AL10"
"2020-10-15","157",1,3,710,"zip","AN","Mozilla/5.0 (Linux; Android 10; Redmi Note 7 Pro"
"2020-10-15","172",3,12,1228,"zip","AN","Mozilla/5.0 (iPhone; CPU iPhone OS 12_4 like Mac OS X"
"2020-10-15","182",2,7,2727,"zip","AN","Mozilla/5.0 (Linux; Android 9; Redmi 6 Pro"
"2020-10-15","120",1,1,156,"zip","AN","Mozilla/5.0 (Linux; Android 9; Redmi 6 Pro"
"2020-10-15","202",12,35,3299,"zip","AN","Mozilla/5.0 (Linux; Android 10; motorola one action"
"2020-10-15","106",2,10,817,"zip","AN","Mozilla/5.0 (iPhone; CPU iPhone OS 14_0_1 like Mac OS X"
"2020-10-15","26",1,2,143,"zip","AN","Mozilla/5.0 (Linux; Android 10; Infinix X660"
"2020-10-15","118",2,9,262,"zip","AN","Mozilla/5.0 (iPhone; CPU iPhone OS 14_2 like Mac OS X"
"2020-10-15","150",4,7,738,"zip","AN","Mozilla/5.0 (Linux; U; Android 9; en-gb; Redmi Y2 Build/PKQ1.181203.001"
"2020-10-15","145",4,22,3679,"zip","AN","Mozilla/5.0 (Linux; Android 10; AC2001"
"2020-10-15","98",2,7,550,"zip","AN","Mozilla/5.0 (Linux; Android 10; SM-A515F"
"2020-10-15","164",1,2,236,"zip","AN","Mozilla/5.0 (Linux; Android 9; Redmi Note 5 Pro"
"2020-10-15","151",1,3,172,"zip","AN","Mozilla/5.0 (Linux; Android 9; SM-N950F"
"2020-10-15","48",2,6,262,"zip","AN","Mozilla/5.0 (iPhone; CPU iPhone OS 14_0 like Mac OS X"
"2020-10-15","04",1,8,712,"zip","AN","Mozilla/5.0 (iPhone; CPU iPhone OS 12_4_4 like Mac OS X"
"2020-10-15","114",2,5,381,"zip","AN","Mozilla/5.0 (Linux; Android 9; Redmi Note 7 Pro"
"2020-10-15","169",1,3,170,"zip","AN","Mozilla/5.0 (Linux; Android 10; ONEPLUS A6000"
"2020-10-16","31",1,1,28,"zip","AN","Mozilla/5.0 (Linux; Android 10; vivo 1917"
"2020-10-16","130",2,3,313,"zip","AN","Mozilla/5.0 (Linux; Android 9; SM-G950F"
"2020-10-16","181",2,4,479,"zip","AN","Mozilla/5.0 (Linux; Android 10; SM-A205F"
"2020-10-16","27",2,4,655,"zip","AN","Mozilla/5.0 (Linux; Android 9; ASUS_X00TD"
"2020-10-16","117",1,1,1803,"zip","AN","Mozilla/5.0 (iPhone; CPU iPhone OS 13_6_1 like Mac OS X"
"2020-10-16","173",6,33,4508,"zip","AN","Mozilla/5.0 (iPhone; CPU iPhone OS 14_0 like Mac OS X"
"2020-10-16","03",2,9,653,"zip","AN","Mozilla/5.0 (Macintosh; Intel Mac OS X 10_15_6"
"2020-10-16","143",2,6,1283,"zip","AN","Mozilla/5.0 (Linux; U; Android 10; en-us; CPH1969 Build/QP1A.190711.020"
"2020-10-16","127",1,3,421,"zip","AN","Mozilla/5.0 (Linux; Android 10; Redmi K20 Pro"
"2020-10-16","146",4,10,1007,"zip","AN","Mozilla/5.0 (iPhone; CPU iPhone OS 13_6 like Mac OS X"
"2020-10-16","220",1,1,819,"zip","AN","Mozilla/5.0 (Linux; Android 10; IN2021"
"2020-10-16","115",3,10,1382,"zip","AN","Mozilla/5.0 (Linux; Android 10; CPH1881"
"2020-10-16","212",1,1,55,"zip","AN","Mozilla/5.0 (Linux; Android 10; ONEPLUS A5000"
"2020-10-16","213",5,18,1476,"zip","AN","Mozilla/5.0 (Linux; Android 9; Redmi Note 5 Pro"
"2020-10-16","207",11,28,3291,"zip","AN","Mozilla/5.0 (Linux; Android 10; AC2001"
"2020-10-16","168",3,6,905,"zip","AN","Mozilla/5.0 (Linux; Android 9; vivo 1902 Build/PPR1.180610.011; wv"
"2020-10-16","18",7,18,3525,"zip","AN","Mozilla/5.0 (Linux; Android 10; SAMSUNG SM-G960F"
"2020-10-16","23",2,4,452,"zip","AN","Mozilla/5.0 (Linux; Android 9; vivo 1901 Build/PPR1.180610.011; wv"
"2020-10-16","43",1,2,349,"zip","AN","Mozilla/5.0 (Linux; Android 10; HD1901"
"2020-10-16","119",1,1,78,"zip","AN","Mozilla/5.0 (Linux; Android 10; HD1901"
"2020-10-16","179",1,2,449,"zip","AN","Mozilla/5.0 (Linux; Android 9; moto e"
"2020-10-16","16",2,5,558,"zip","AN","Mozilla/5.0 (Linux; Android 7.0; Redmi Note 4"
"2020-10-16","172",2,3,244,"zip","AN","Mozilla/5.0 (Linux; Android 10; SM-A715F"
"2020-10-16","120",1,1,133,"zip","AN","Mozilla/5.0 (Linux; Android 10; SM-M215F"
"2020-10-16","156",3,8,1329,"zip","AN","Mozilla/5.0 (Linux; Android 7.0; Redmi Note 4"
"2020-10-16","126",3,8,755,"zip","AN","Mozilla/5.0 (Linux; Android 10; vivo 1819; wv"
"2020-10-16","202",1,2,230,"zip","AN","Mozilla/5.0 (Linux; Android 10; SM-M305F"
"2020-10-16","01",2,7,1154,"zip","AN","Mozilla/5.0 (Linux; Android 10; HD1901"
"2020-10-16","21",4,15,4447,"zip","AN","Mozilla/5.0 (Linux; Android 7.0; Redmi Note 4"
"2020-10-16","145",2,14,3838,"zip","AN","Mozilla/5.0 (iPhone; CPU iPhone OS 13_6_1 like Mac OS X"
"2020-10-16","89",1,2,178,"zip","AN","Mozilla/5.0 (Linux; Android 10; GM1901"
"2020-10-16","04",4,13,2934,"zip","AN","Mozilla/5.0 (iPhone; CPU iPhone OS 14_0 like Mac OS X"
"2020-10-16","149",3,6,425,"zip","AN","Mozilla/5.0 (Linux; Android 10; SM-N770F"
"2020-10-16","155",1,6,607,"zip","AN","Mozilla/5.0 (Linux; Android 8.1.0; YU5014 Build/O11019"
"2020-10-16","128",2,8,1709,"zip","AN","Mozilla/5.0 (Linux; Android 9; Redmi Note 5 Pro"
"2020-10-17","166",2,6,820,"zip","AN","Mozilla/5.0 (Linux; Android 10; AC2001"
"2020-10-17","115",2,11,1659,"zip","AN","Mozilla/5.0 (Linux; Android 10; HD1901"
"2020-10-17","176",3,15,3164,"zip","AN","Mozilla/5.0 (iPhone; CPU iPhone OS 14_0 like Mac OS X"
"2020-10-17","69",1,2,107,"zip","AN","Mozilla/5.0 (Linux; Android 10; CPH1945 Build/QP1A.190711.020; wv"
"2020-10-17","211",1,1,22,"zip","AN","Mozilla/5.0 (Linux; Android 10; Nokia 2.2"
"2020-10-17","216",2,3,284,"zip","AN","Mozilla/5.0 (Linux; Android 10; SAMSUNG SM-A920F"
"2020-10-17","105",1,3,140,"zip","AN","Mozilla/5.0 (iPhone; CPU iPhone OS 14_0_1 like Mac OS X"
"2020-10-17","168",1,3,354,"zip","AN","Mozilla/5.0 (Linux; Android 9; LLD-AL10"
"2020-10-17","147",2,10,1067,"zip","AN","Mozilla/5.0 (Linux; Android 10; CPH1919"
"2020-10-17","65",4,17,1003,"zip","AN","Mozilla/5.0 (iPhone; CPU iPhone OS 14_0 like Mac OS X"
"2020-10-17","174",5,9,581,"zip","AN","Mozilla/5.0 (Linux; Android 8.1.0; CPH1803"
"2020-10-17","23",5,15,1303,"zip","AN","Mozilla/5.0 (iPhone; CPU iPhone OS 14_0 like Mac OS X"
"2020-10-17","161",1,3,513,"zip","AN","Mozilla/5.0 (Linux; Android 9; CPH1859"
"2020-10-17","179",1,1,31,"zip","AN","Mozilla/5.0 (Linux; Android 10; Mi A2"
"2020-10-17","24",7,21,5541,"zip","AN","Mozilla/5.0 (Linux; Android 10; GM1911"
"2020-10-17","172",2,7,316,"zip","AN","Mozilla/5.0 (Linux; Android 10; POCO X2"
"2020-10-17","188",2,8,1508,"zip","AN","Mozilla/5.0 (Linux; Android 9; SM-G955F"
"2020-10-17","129",1,21,5227,"zip","AN","Mozilla/5.0 (Linux; U; Android 10; en-gb; CPH1945 Build/QP1A.190711.020"
"2020-10-17","177",2,7,652,"zip","AN","Mozilla/5.0 (Linux; Android 10; CPH1945"
"2020-10-17","22",1,1,76,"zip","AN","Mozilla/5.0 (Linux; U; Android 9; en-in; Redmi Note 7 Pro Build/PKQ1.181203.001"
"2020-10-17","38",4,5,163,"zip","AN","Mozilla/5.0 (Linux; Android 9; Redmi 7A"
"2020-10-17","06",2,4,973,"zip","AN","Mozilla/5.0 (Linux; Android 10; SM-T865"
"2020-10-17","01",3,9,809,"zip","AN","Mozilla/5.0 (Linux; Android 9; Redmi Note 5 Pro"
"2020-10-17","145",1,1,124,"zip","AN","Mozilla/5.0 (Linux; Android 9; SM-A805F"
"2020-10-17","75",1,2,101,"zip","AN","Mozilla/5.0 (Linux; Android 9; vivo 1727"
"2020-10-17","26",1,5,171,"zip","AN","Mozilla/5.0 (Linux; Android 10; ONEPLUS A6000"
"2020-10-17","149",2,2,121,"zip","AN","Mozilla/5.0 (Linux; Android 9; ONEPLUS A3003"
"2020-10-17","97",2,7,873,"zip","AN","Mozilla/5.0 (Linux; Android 9; SM-A105F"
"2020-10-17","12",3,12,1796,"zip","AN","Mozilla/5.0 (Linux; Android 10; ONEPLUS A6010"
"2020-10-17","02",1,11,1286,"zip","AN","Mozilla/5.0 (Linux; Android 9; SM-A307FN"
"2020-10-17","155",1,6,329,"zip","AN","Mozilla/5.0 (Linux; Android 10; RMX2040"
"2020-10-17","114",3,5,859,"zip","AN","Mozilla/5.0 (Linux; Android 8.1.0; vivo 1811"
"2020-10-17","152",2,5,377,"zip","AN","Mozilla/5.0 (Linux; Android 8.1.0; SM-G615F"
"2020-10-17","94",1,4,309,"zip","AN","Mozilla/5.0 (Linux; Android 10; vivo 1804"
"2020-10-17","36",2,11,625,"zip","AN","Mozilla/5.0 (Linux; Android 9; Redmi Note 7 Pro"
"2020-10-17","31",5,10,1491,"zip","AN","Mozilla/5.0 (Linux; Android 9; moto g"
"2020-10-17","159",4,9,984,"zip","AN","Mozilla/5.0 (Linux; Android 10; Redmi Note 7 Pro"
"2020-10-17","162",4,4,726,"zip","AN","Mozilla/5.0 (Linux; Android 9; SM-M307F"
"2020-10-17","110",3,6,477,"zip","AN","Mozilla/5.0 (Linux; Android 9; CPH2015"
"2020-10-17","27",2,3,298,"zip","AN","Mozilla/5.0 (Macintosh; Intel Mac OS X 10_15_4"
"2020-10-17","183",4,7,551,"zip","AN","Mozilla/5.0 (Linux; Android 10; ONEPLUS A5010"
"2020-10-18","69",1,1,133,"zip","AN","Mozilla/5.0 (Linux; Android 10; RMX1931"
"2020-10-18","163",2,16,1640,"zip","AN","Mozilla/5.0 (iPhone; CPU iPhone OS 14_0_1 like Mac OS X"
"2020-10-18","127",2,8,637,"zip","AN","Mozilla/5.0 (Linux; Android 10; GM1901"
"2020-10-18","216",1,1,145,"zip","AN","Mozilla/5.0 (Linux; Android 10; Redmi Note 7 Pro"
"2020-10-18","105",5,11,713,"zip","AN","Mozilla/5.0 (Android 9; Mobile; rv:81.0"
"2020-10-18","113",1,12,834,"zip","AN","Mozilla/5.0 (iPhone; CPU iPhone OS 14_0_1 like Mac OS X"
"2020-10-18","17",4,22,2348,"zip","AN","Mozilla/5.0 (Linux; Android 8.0.0; SAMSUNG SM-G930F"
"2020-10-18","174",3,9,6431,"zip","AN","Mozilla/5.0 (Linux; U; Android 10; en-in; Redmi 9A Build/QP1A.190711.020"
"2020-10-18","131",2,3,279,"zip","AN","Mozilla/5.0 (Linux; Android 9; CPH1938"
"2020-10-18","178",1,2,205,"zip","AN","Mozilla/5.0 (Linux; Android 9; vivo 1901"
"2020-10-18","161",4,8,510,"zip","AN","Mozilla/5.0 (Linux; Android 10; SM-A715F"
"2020-10-18","154",4,11,2503,"zip","AN","Mozilla/5.0 (Linux; Android 9; TA-1021"
"2020-10-18","207",9,40,6761,"zip","AN","Mozilla/5.0 (Linux; Android 10; POCO F1"
"2020-10-18","188",4,26,2891,"zip","AN","Mozilla/5.0 (iPhone; CPU iPhone OS 13_6 like Mac OS X"
"2020-10-18","129",2,4,591,"zip","AN","Mozilla/5.0 (Linux; Android 10; RMX2151"
"2020-10-18","102",8,23,3174,"zip","AN","Mozilla/5.0 (Linux; Android 8.1.0; Redmi Y2"
"2020-10-18","39",2,6,289,"zip","AN","Mozilla/5.0 (Linux; Android 10; vivo 1920"
"2020-10-18","18",1,1,42,"zip","AN","Mozilla/5.0 (Linux; Android 10; SM-A707F"
"2020-10-18","38",1,3,247,"zip","AN","Mozilla/5.0 (Windows NT 10.0; Win64; x64"
"2020-10-18","85",9,24,3595,"zip","AN","Mozilla/5.0 (Linux; Android 7.1.2; Redmi Y1"
"2020-10-18","120",4,15,2347,"zip","AN","Mozilla/5.0 (Linux; Android 8.1.0; Redmi 5A"
"2020-10-18","171",1,1,28,"zip","AN","Mozilla/5.0 (Linux; Android 10; HD1913"
"2020-10-18","126",1,1,30,"zip","AN","Mozilla/5.0 (Linux; U; Android 6.0.1; en-US; CPH1701 Build/MMB29M"
"2020-10-18","202",2,7,463,"zip","AN","Mozilla/5.0 (Linux; Android 10; RMX1901"
"2020-10-18","209",5,19,3265,"zip","AN","Mozilla/5.0 (Linux; Android 10; Nokia 6.1 Plus"
"2020-10-18","167",2,4,172,"zip","AN","Mozilla/5.0 (iPhone; CPU iPhone OS 14_0_1 like Mac OS X"
"2020-10-18","157",1,3,461,"zip","AN","Mozilla/5.0 (Linux; Android 10; AC2001"
"2020-10-18","182",4,7,2204,"zip","AN","Mozilla/5.0 (Linux; Android 7.1.1; SM-G550FY"
"2020-10-18","97",2,8,476,"zip","AN","Mozilla/5.0 (iPhone; CPU iPhone OS 14_0_1 like Mac OS X"
"2020-10-18","106",1,3,590,"zip","AN","Mozilla/5.0 (Linux; Android 8.0.0; SM-J810G"
"2020-10-18","114",1,4,429,"zip","AN","Mozilla/5.0 (Linux; Android 10; IN2021"
"2020-10-18","152",1,12,1757,"zip","AN","Mozilla/5.0 (Linux; Android 9; ASUS_X00TD"
"2020-10-18","118",3,14,2067,"zip","AN","Mozilla/5.0 (iPhone; CPU iPhone OS 14_0 like Mac OS X"
"2020-10-18","36",1,5,938,"zip","AN","Mozilla/5.0 (Linux; Android 10; ONEPLUS A6000"
"2020-10-18","98",4,11,646,"zip","AN","Mozilla/5.0 (Linux; Android 10; RMX1911"
"2020-10-18","215",2,2,320,"zip","AN","Mozilla/5.0 (iPhone; CPU iPhone OS 13_7 like Mac OS X"
"2020-10-18","31",3,5,292,"zip","AN","Mozilla/5.0 (iPhone; CPU iPhone OS 14_0_1 like Mac OS X"
"2020-10-18","164",3,14,1398,"zip","AN","Mozilla/5.0 (Linux; Android 10; SM-G988B"
"2020-10-18","44",6,22,3687,"zip","AN","Mozilla/5.0 (iPhone; CPU iPhone OS 14_0 like Mac OS X"
"2020-10-18","07",5,33,4172,"zip","AN","Mozilla/5.0 (Linux; Android 10; RMX1971"
"2020-10-18","159",2,3,305,"zip","AN","Mozilla/5.0 (Linux; Android 10; POCO X2"
"2020-10-18","162",2,11,1019,"zip","AN","Mozilla/5.0 (Linux; Android 7.1.1; CPH1729"
"2020-10-18","110",3,4,696,"zip","AN","Mozilla/5.0 (Linux; Android 9; SM-J701F"
"2020-10-18","128",1,1,64,"zip","AN","Mozilla/5.0 (Linux; Android 10; Redmi Note 7 Pro"
"2020-10-18","142",1,7,1552,"zip","AN","Mozilla/5.0 (Linux; Android 10; RMX1901"
"2020-10-18","87",7,18,2035,"zip","AN","Mozilla/5.0 (iPhone; CPU iPhone OS 14_0 like Mac OS X"
"2020-10-18","35",7,12,1256,"zip","AN","Mozilla/5.0 (Linux; Android 10; SM-M205F"
"2020-10-18","130",2,5,526,"zip","AN","Mozilla/5.0 (Linux; Android 10; SM-A305F"
"2020-10-18","33",2,3,90,"zip","AN","Mozilla/5.0 (iPhone; CPU iPhone OS 13_3 like Mac OS X"
"2020-10-18","186",4,32,2597,"zip","AN","Mozilla/5.0 (iPhone; CPU iPhone OS 12_1_2 like Mac OS X"
"2020-10-18","115",3,15,2108,"zip","AN","Mozilla/5.0 (Linux; Android 8.1.0; SM-A260G"
"2020-10-18","117",7,33,4832,"zip","AN","Mozilla/5.0 (Linux; Android 10; SAMSUNG SM-A707F"
"2020-10-18","173",1,1,41,"zip","AN","Mozilla/5.0 (Linux; Android 9; Redmi Note 5 Pro"
"2020-10-19","34",1,7,797,"zip","AN","Mozilla/5.0 (Linux; Android 9; SM-J701F"
"2020-10-19","03",3,4,205,"zip","AN","Mozilla/5.0 (Linux; Android 7.1.1; SM-J250F"
"2020-10-19","211",1,3,82,"zip","AN","Mozilla/5.0 (iPhone; CPU iPhone OS 14_0_1 like Mac OS X"
"2020-10-19","220",8,23,3171,"zip","AN","Mozilla/5.0 (Linux; Android 9; Redmi Note 6 Pro"
"2020-10-19","168",2,3,446,"zip","AN","Mozilla/5.0 (Linux; Android 10; SM-A505F"
"2020-10-19","129",1,3,600,"zip","AN","Mozilla/5.0 (iPhone; CPU iPhone OS 14_0 like Mac OS X"
"2020-10-19","65",2,11,1485,"zip","AN","Mozilla/5.0 (Linux; Android 9; Lenovo TB-X505X"
"2020-10-19","39",1,4,811,"zip","AN","Mozilla/5.0 (iPhone; CPU iPhone OS 12_4_8 like Mac OS X"
"2020-10-19","38",4,12,888,"zip","AN","Mozilla/5.0 (iPhone; CPU iPhone OS 14_0_1 like Mac OS X"
"2020-10-19","30",1,2,471,"zip","AN","Mozilla/5.0 (Linux; Android 9; vivo 1818"
"2020-10-19","23",2,2,209,"zip","AN","Mozilla/5.0 (Linux; Android 8.1.0; Redmi 6A"
"2020-10-19","177",1,4,457,"zip","AN","Mozilla/5.0 (Linux; Android 10; Redmi K20"
"2020-10-19","43",1,2,27,"zip","AN","Mozilla/5.0 (Linux; Android 7.0; vivo 1713 Build/NRD90M; wv"
"2020-10-19","06",2,6,679,"zip","AN","Mozilla/5.0 (Linux; Android 10; SM-A515F"
"2020-10-19","01",1,5,458,"zip","AN","Mozilla/5.0 (Linux; Android 10; Infinix X655D"
"2020-10-19","125",2,3,184,"zip","AN","Mozilla/5.0 (iPhone; CPU iPhone OS 13_6_1 like Mac OS X"
"2020-10-19","175",1,2,239,"zip","AN","Mozilla/5.0 (Linux; Android 10; ONEPLUS A6010"
"2020-10-19","156",3,7,1491,"zip","AN","Mozilla/5.0 (Windows NT 6.1; Win64; x64"
"2020-10-19","29",6,17,2621,"zip","AN","Mozilla/5.0 (Linux; Android 9; Redmi Note 6 Pro"
"2020-10-19","26",5,19,1798,"zip","AN","Mozilla/5.0 (Linux; Android 10; POCO F1"
"2020-10-19","114",7,25,3523,"zip","AN","Mozilla/5.0 (Linux; Android 8.1.0; vivo 1716"
"2020-10-19","149",4,19,2758,"zip","AN","Mozilla/5.0 (Linux; Android 9; CPH1859"
"2020-10-19","118",1,1,7,"zip","AN","Mozilla/5.0 (Linux; Android 10; SM-M315F"
"2020-10-19","07",1,3,432,"zip","AN","Mozilla/5.0 (Linux; Android 10; ONEPLUS A5000"
"2020-10-19","162",10,24,6527,"zip","AN","Mozilla/5.0 (Linux; Android 10; AC2001"
"2020-10-19","12",1,1,82,"zip","AN","Mozilla/5.0 (Linux; Android 10; GM1901"
"2020-10-19","110",2,5,293,"zip","AN","Mozilla/5.0 (Linux; Android 10; ONEPLUS A5010"
"2020-10-19","04",1,5,137,"zip","AN","Mozilla/5.0 (iPhone; CPU iPhone OS 14_0_1 like Mac OS X"
"2020-10-19","94",7,28,2298,"zip","AN","Mozilla/5.0 (Linux; Android 10; SM-M315F"
"2020-10-19","153",4,7,1999,"zip","AN","Mozilla/5.0 (iPhone; CPU iPhone OS 14_2 like Mac OS X"
"2020-10-19","27",1,1,93,"zip","AN","Mozilla/5.0 (Linux; Android 10; Redmi Note 7 Pro"
"2020-10-19","115",2,9,1812,"zip","AN","Mozilla/5.0 (Linux; Android 9; RMX1971"
"2020-10-19","117",1,1,27,"zip","AN","Mozilla/5.0 (Linux; Android 10; CPH1937"
"2020-10-19","183",5,20,4786,"zip","AN","Mozilla/5.0 (iPhone; CPU iPhone OS 14_0 like Mac OS X"
"2020-10-19","69",2,9,2270,"zip","AN","Mozilla/5.0 (Linux; Android 10; SM-M305F"
"2020-10-19","216",9,34,2611,"zip","AN","Mozilla/5.0 (iPad; CPU OS 12_4_8 like Mac OS X"
"2020-10-19","166",1,1,10,"zip","AN","Mozilla/5.0 (Linux; Android 10; vivo 2006"
"2020-10-19","174",1,1,94,"zip","AN","Mozilla/5.0 (Linux; Android 10; GM1901"
"2020-10-19","05",1,3,334,"zip","AN","Mozilla/5.0 (Linux; Android 10; Redmi Note 8 Pro"
"2020-10-19","176",8,26,2778,"zip","AN","Mozilla/5.0 (Linux; Android 9; SM-A730F"
"2020-10-20","37",6,16,3460,"zip","AN","Mozilla/5.0 (iPhone; CPU iPhone OS 14_0_1 like Mac OS X"
"2020-10-20","143",3,4,1299,"zip","AN","Mozilla/5.0 (Linux; Android 10; IN2021"
"2020-10-20","146",4,10,613,"zip","AN","Mozilla/5.0 (Linux; Android 10; SM-A515F"
"2020-10-20","116",4,9,1138,"zip","AN","Mozilla/5.0 (Linux; Android 10; SM-M315F"
"2020-10-20","203",1,2,106,"zip","AN","Mozilla/5.0 (Linux; Android 8.0.0; moto g"
"2020-10-20","154",1,2,168,"zip","AN","Mozilla/5.0 (Linux; Android 10; SM-A107F"
"2020-10-20","188",2,5,1015,"zip","AN","Mozilla/5.0 (Linux; Android 10; ASUS_I001DE"
"2020-10-20","172",1,4,638,"zip","AN","Mozilla/5.0 (Linux; Android 10; SM-N975F"
"2020-10-20","171",1,2,323,"zip","AN","Mozilla/5.0 (Linux; Android 10; GM1901"
"2020-10-20","182",6,25,3005,"zip","AN","Mozilla/5.0 (Linux; Android 9; SM-G611F"
"2020-10-20","149",2,12,1388,"zip","AN","Mozilla/5.0 (iPhone; CPU iPhone OS 13_5 like Mac OS X"
"2020-10-20","145",2,12,833,"zip","AN","Mozilla/5.0 (iPhone; CPU iPhone OS 14_0 like Mac OS X"
"2020-10-20","75",1,16,857,"zip","AN","Mozilla/5.0 (iPhone; CPU iPhone OS 13_4_1 like Mac OS X"
"2020-10-20","97",2,8,724,"zip","AN","Mozilla/5.0 (Linux; Android 9; vivo 1907"
"2020-10-20","07",1,3,824,"zip","AN","Mozilla/5.0 (Linux; Android 9; Redmi Note 5 Pro"
"2020-10-20","12",3,8,543,"zip","AN","Mozilla/5.0 (iPhone; CPU iPhone OS 14_0_1 like Mac OS X"
"2020-10-20","106",1,1,40,"zip","AN","Mozilla/5.0 (Linux; Android 9; Redmi Note 7"
"2020-10-20","04",2,18,6673,"zip","AN","Mozilla/5.0 (Linux; Android 8.1.0; SM-G615F"
"2020-10-20","152",6,27,3699,"zip","AN","Mozilla/5.0 (Linux; Android 10; Redmi Note 9 Pro"
"2020-10-20","36",2,3,263,"zip","AN","Mozilla/5.0 (iPhone; CPU iPhone OS 14_0_1 like Mac OS X"
"2020-10-20","98",6,21,3164,"zip","AN","Mozilla/5.0 (Linux; Android 9; RMX1831"
"2020-10-20","31",3,22,2742,"zip","AN","Mozilla/5.0 (Linux; Android 9; Redmi Note 5 Pro"
"2020-10-20","153",1,12,757,"zip","AN","Mozilla/5.0 (iPhone; CPU iPhone OS 13_7 like Mac OS X"
"2020-10-20","159",2,6,598,"zip","AN","Mozilla/5.0 (iPhone; CPU iPhone OS 14_0 like Mac OS X"
"2020-10-20","27",6,26,4071,"zip","AN","Mozilla/5.0 (Linux; Android 10; SM-M315F"
"2020-10-20","155",1,3,1402,"zip","AN","Mozilla/5.0 (Linux; Android 9; ONEPLUS A3003"
"2020-10-20","142",1,2,151,"zip","AN","Mozilla/5.0 (Linux; U; Android 9; en-gb; Redmi Note 7 Pro Build/PKQ1.181203.001"
"2020-10-20","35",1,2,179,"zip","AN","Mozilla/5.0 (Linux; Android 9; Redmi Note 6 Pro"
"2020-10-20","33",9,16,2281,"zip","AN","Mozilla/5.0 (Linux; Android 8.1.0; vivo 1803"
"2020-10-20","151",3,15,1567,"zip","AN","Mozilla/5.0 (iPhone; CPU iPhone OS 14_0_1 like Mac OS X"
"2020-10-20","174",5,14,1961,"zip","AN","Mozilla/5.0 (Linux; Android 9; Redmi Y3"
"2020-10-20","173",2,4,450,"zip","AN","Mozilla/5.0 (Linux; U; Android 10; en-in; Redmi Note 8 Pro Build/QP1A.190711.020"
"2020-10-20","34",1,10,916,"zip","AN","Mozilla/5.0 (iPhone; CPU iPhone OS 14_0_1 like Mac OS X"
"2020-10-20","163",2,4,310,"zip","AN","Mozilla/5.0 (Linux; Android 10; TECNO LC8"
"2020-10-20","03",2,3,537,"zip","AN","Mozilla/5.0 (Linux; Android 10; SAMSUNG SM-A600G Build/QP1A.190711.020"
"2020-10-20","211",1,1,193,"zip","AN","Mozilla/5.0 (Linux; Android 9; vivo 1902"
"2020-10-20","127",4,12,1034,"zip","AN","Mozilla/5.0 (Linux; Android 8.1.0; vivo 1820"
"2020-10-20","168",1,5,811,"zip","AN","Mozilla/5.0 (Linux; Android 10; IN2021"
"2020-10-20","17",6,12,1220,"zip","AN","Mozilla/5.0 (Linux; Android 10; Redmi Note 8 Pro"
"2020-10-20","65",1,1,188,"zip","AN","Mozilla/5.0 (Linux; Android 10; vivo 1935"
"2020-10-20","131",4,11,1000,"zip","AN","Mozilla/5.0 (Linux; Android 9; Redmi Note 6 Pro"
"2020-10-20","38",3,7,929,"zip","AN","Mozilla/5.0 (Linux; Android 10; HRY-AL00"
"2020-10-21","171",1,5,524,"zip","AN","Mozilla/5.0 (X11; Linux x86_64"
"2020-10-21","177",3,6,437,"zip","AN","Mozilla/5.0 (Linux; Android 10; SAMSUNG SM-A505F"
"2020-10-21","148",1,2,143,"zip","AN","Mozilla/5.0 (Linux; Android 9; Mi A1"
"2020-10-21","85",2,5,543,"zip","AN","Mozilla/5.0 (Linux; Android 10; Nokia 6.1 Plus"
"2020-10-21","179",1,1,5,"zip","AN","Mozilla/5.0 (Linux; Android 10; SM-N960F"
"2020-10-21","182",4,14,1516,"zip","AN","Mozilla/5.0 (Linux; Android 9; CPH1969"
"2020-10-21","175",1,2,428,"zip","AN","Mozilla/5.0 (Linux; Android 10; SM-A515F"
"2020-10-21","156",2,15,1005,"zip","AN","Mozilla/5.0 (Linux; Android 9; Redmi Y2"
"2020-10-21","160",2,2,98,"zip","AN","Mozilla/5.0 (Linux; Android 10; RMX1851"
"2020-10-21","29",1,6,695,"zip","AN","Mozilla/5.0 (Linux; Android 9; CPH1933"
"2020-10-21","119",2,11,1187,"zip","AN","Mozilla/5.0 (Linux; Android 10; Redmi Note 8 Pro"
"2020-10-21","106",1,2,272,"zip","AN","Mozilla/5.0 (Linux; Android 10; Redmi Note 7 Pro"
"2020-10-21","26",1,1,104,"zip","AN","Mozilla/5.0 (Linux; Android 10; ASUS_I001DE"
"2020-10-21","04",2,11,1144,"zip","AN","Mozilla/5.0 (Linux; Android 10; ONEPLUS A6000"
"2020-10-21","114",2,22,482,"zip","AN","Mozilla/5.0 (iPhone; CPU iPhone OS 14_0 like Mac OS X"
"2020-10-21","152",3,9,1269,"zip","AN","Mozilla/5.0 (Linux; U; Android 10; en-us; RMX2170 Build/QKQ1.200428.002"
"2020-10-21","159",5,25,2605,"zip","AN","Mozilla/5.0 (Linux; Android 10; SM-J810G"
"2020-10-21","110",2,7,1035,"zip","AN","Mozilla/5.0 (Linux; Android 10; IN2011"
"2020-10-21","27",1,4,846,"zip","AN","Mozilla/5.0 (iPhone; CPU iPhone OS 13_7 like Mac OS X"
"2020-10-21","155",4,11,1616,"zip","AN","Mozilla/5.0 (Linux; Android 10; vivo 1933; wv"
"2020-10-21","21",2,4,462,"zip","AN","Mozilla/5.0 (Macintosh; Intel Mac OS X 10_15_4"
"2020-10-21","142",1,2,152,"zip","AN","Mozilla/5.0 (Linux; Android 10; SM-N986B"
"2020-10-21","185",1,1,45,"zip","AN","Mozilla/5.0 (Linux; Android 10; vivo 1818; wv"
"2020-10-21","173",4,6,422,"zip","AN","Mozilla/5.0 (Linux; Android 10; Nokia 6.1 Plus"
"2020-10-21","128",2,3,752,"zip","AN","Mozilla/5.0 (Linux; Android 10; RMX1825"
"2020-10-21","163",2,15,1712,"zip","AN","Mozilla/5.0 (Linux; U; Android 10; en-us; RMX1925 Build/QKQ1.200209.002"
"2020-10-21","211",2,3,438,"zip","AN","Mozilla/5.0 (Linux; Android 8.1.0; Redmi 5A"
"2020-10-21","127",3,11,1452,"zip","AN","Mozilla/5.0 (Linux; Android 10; CPH1969"
"2020-10-21","216",3,9,1276,"zip","AN","Mozilla/5.0 (Linux; U; Android 8.1.0; en-US; SM-G615F Build/M1AJQ"
"2020-10-21","166",1,6,539,"zip","AN","Mozilla/5.0 (Linux; Android 8.1.0; CPH1901"
"2020-10-21","130",2,7,640,"zip","AN","Mozilla/5.0 (Linux; Android 9; SM-G955F"
"2020-10-21","168",2,7,712,"zip","AN","Mozilla/5.0 (Linux; Android 10; RMX1992"
"2020-10-21","17",3,5,387,"zip","AN","Mozilla/5.0 (Linux; Android 10; ONEPLUS A6000"
"2020-10-21","65",4,11,653,"zip","AN","Mozilla/5.0 (iPhone; CPU iPhone OS 13_7 like Mac OS X"
"2020-10-21","38",1,1,161,"zip","AN","Mozilla/5.0 (Linux; Android 9; LLD-AL10"
"2020-10-21","169",1,2,256,"zip","AN","Mozilla/5.0 (Linux; Android 10; Redmi Note 7 Pro"
"2020-10-21","37",1,1,57,"zip","AN","Mozilla/5.0 (Linux; Android 10; RMX2001"
"2020-10-21","220",1,12,811,"zip","AN","Mozilla/5.0 (iPhone; CPU iPhone OS 13_5 like Mac OS X"
"2020-10-21","188",1,2,241,"zip","AN","Mozilla/5.0 (Linux; Android 8.1.0; SM-G615F"
"2020-10-21","129",2,4,706,"zip","AN","Mozilla/5.0 (Linux; Android 10; CPH2119"
"2020-10-21","30",3,7,676,"zip","AN","Mozilla/5.0 (Linux; Android 8.1.0; SM-G610F"
"2020-10-22","179",2,9,5656,"zip","AN","Mozilla/5.0 (iPhone; CPU iPhone OS 14_0_1 like Mac OS X"
"2020-10-22","207",1,2,125,"zip","AN","Mozilla/5.0 (iPhone; CPU iPhone OS 13_7 like Mac OS X"
"2020-10-22","147",1,4,455,"zip","AN","Mozilla/5.0 (iPhone; CPU iPhone OS 13_7 like Mac OS X"
"2020-10-22","43",3,15,3021,"zip","AN","Mozilla/5.0 (iPhone; CPU iPhone OS 13_5_1 like Mac OS X"
"2020-10-22","09",2,3,165,"zip","AN","Mozilla/5.0 (Linux; Android 10; ONEPLUS A6000"
"2020-10-22","01",1,6,761,"zip","AN","Mozilla/5.0 (Linux; Android 10; RMX1851"
"2020-10-22","26",2,11,1720,"zip","AN","Mozilla/5.0 (Android 9; Mobile; rv:81.0"
"2020-10-22","125",2,3,400,"zip","AN","Mozilla/5.0 (Linux; Android 10; vivo 1920; wv"
"2020-10-22","213",2,7,827,"zip","AN","Mozilla/5.0 (Linux; Android 10; GM1901"
"2020-10-22","149",1,2,179,"zip","AN","Mozilla/5.0 (Linux; Android 10; ONEPLUS A6010"
"2020-10-22","126",3,4,199,"zip","AN","Mozilla/5.0 (Linux; Android 7.0; Redmi Note 4"
"2020-10-22","07",2,4,386,"zip","AN","Mozilla/5.0 (Linux; Android 10; Redmi 8A"
"2020-10-22","22",3,9,707,"zip","AN","Mozilla/5.0 (Linux; Android 8.1.0; CPH1909"
"2020-10-22","165",2,6,571,"zip","AN","Mozilla/5.0 (Linux; Android 10; Redmi Note 8 Pro"
"2020-10-22","97",2,4,419,"zip","AN","Mozilla/5.0 (Linux; Android 7.1.1; Moto E "
"2020-10-22","27",1,6,700,"zip","AN","Mozilla/5.0 (Linux; Android 9; Redmi 8A Dual"
"2020-10-22","21",1,5,995,"zip","AN","Mozilla/5.0 (Linux; Android 9; SM-G950F"
"2020-10-22","36",1,1,185,"zip","AN","Mozilla/5.0 (Linux; Android 10; RMX1911"
"2020-10-22","173",3,6,919,"zip","AN","Mozilla/5.0 (Linux; Android 9; vivo 1904"
"2020-10-22","163",2,2,1539,"zip","AN","Mozilla/5.0 (Linux; Android 10; SM-M105F"
"2020-10-22","127",2,8,1346,"zip","AN","Mozilla/5.0 (Linux; Android 10; SM-M405F"
"2020-10-22","216",2,4,710,"zip","AN","Mozilla/5.0 (Linux; Android 7.0; SM-A510F"
"2020-10-22","166",5,33,6131,"zip","AN","Mozilla/5.0 (Linux; Android 8.1.0; Redmi Note 5"
"2020-10-22","35",2,6,684,"zip","AN","Mozilla/5.0 (Linux; Android 10; RMX1825"
"2020-10-22","33",1,2,473,"zip","AN","Mozilla/5.0 (Linux; Android 10; Nokia 7.2"
"2020-10-22","17",2,6,486,"zip","AN","Mozilla/5.0 (Linux; Android 10; SM-A750F"
"2020-10-22","02",5,21,2779,"zip","AN","Mozilla/5.0 (Linux; Android 10; SM-M205F"
"2020-10-22","169",2,5,484,"zip","AN","Mozilla/5.0 (Linux; Android 10; SAMSUNG SM-M315F"
"2020-10-22","03",1,1,65,"zip","AN","Mozilla/5.0 (Linux; Android 10; TECNO KD7"
"2020-10-22","220",2,11,523,"zip","AN","Mozilla/5.0 (iPhone; CPU iPhone OS 14_0_1 like Mac OS X"
"2020-10-22","188",2,10,1151,"zip","AN","Mozilla/5.0 (Linux; Android 10; SM-M307F"
"2020-10-22","129",2,4,409,"zip","AN","Mozilla/5.0 (Windows NT 10.0; Win64; x64"
"2020-10-22","186",1,2,258,"zip","AN","Mozilla/5.0 (iPhone; CPU iPhone OS 14_0 like Mac OS X"
"2020-10-22","05",1,2,88,"zip","AN","Mozilla/5.0 (Linux; U; Android 10; en-in; POCO X2 Build/QKQ1.190825.002"
"2020-10-22","176",4,15,1522,"zip","AN","Mozilla/5.0 (Linux; Android 10; vivo 1917"
"2020-10-22","143",1,4,561,"zip","AN","Mozilla/5.0 (Linux; Android 9; SM-G950F"
"2020-10-22","203",4,19,2444,"zip","AN","Mozilla/5.0 (Linux; Android 8.1.0; vivo 1820"
"2020-10-22","154",1,2,59,"zip","AN","Mozilla/5.0 (iPhone; CPU iPhone OS 14_0 like Mac OS X"
"2020-10-22","105",2,11,794,"zip","AN","Mozilla/5.0 (Linux; Android 9; Redmi Note 8"
"2020-10-22","181",2,33,4492,"zip","AN","Mozilla/5.0 (iPhone; CPU iPhone OS 14_0_1 like Mac OS X"
"2020-10-22","39",4,16,1733,"zip","AN","Mozilla/5.0 (iPhone; CPU iPhone OS 14_0 like Mac OS X"
"2020-10-22","177",3,11,4072,"zip","AN","Mozilla/5.0 (Linux; Android 9; Redmi Note 7S"
"2020-10-23","23",3,3,176,"zip","AN","Mozilla/5.0 (Linux; Android 9; RMX1925"
"2020-10-23","43",2,10,1206,"zip","AN","Mozilla/5.0 (Linux; Android 10; SM-M317F"
"2020-10-23","09",3,10,1106,"zip","AN","Mozilla/5.0 (Linux; Android 10; ONEPLUS A6010"
"2020-10-23","01",2,7,567,"zip","AN","Mozilla/5.0 (Linux; Android 10; GM1901"
"2020-10-23","26",2,3,601,"zip","AN","Mozilla/5.0 (Linux; Android 10; Redmi K20"
"2020-10-23","125",1,5,516,"zip","AN","Mozilla/5.0 (Linux; Android 9; CPH1859"
"2020-10-23","213",1,4,389,"zip","AN","Mozilla/5.0 (Linux; Android 9; Redmi Note 6 Pro"
"2020-10-23","172",1,2,141,"zip","AN","Mozilla/5.0 (iPhone; CPU iPhone OS 14_0_1 like Mac OS X"
"2020-10-23","175",1,3,191,"zip","AN","Mozilla/5.0 (Linux; Android 9; CPH2015"
"2020-10-23","156",2,4,313,"zip","AN","Mozilla/5.0 (Linux; Android 10; SM-A107F"
"2020-10-23","22",1,2,598,"zip","AN","Mozilla/5.0 (Linux; Android 10; RMX2030"
"2020-10-23","122",2,26,2258,"zip","AN","Mozilla/5.0 (iPhone; CPU iPhone OS 14_0 like Mac OS X"
"2020-10-23","27",7,32,4277,"zip","AN","Mozilla/5.0 (iPhone; CPU iPhone OS 11_0_2 like Mac OS X"
"2020-10-23","06",1,1,85,"zip","AN","Mozilla/5.0 (Linux; Android 10; vivo 1818"
"2020-10-23","21",1,2,216,"zip","AN","Mozilla/5.0 (Linux; Android 8.0.0; Lenovo K8 Plus"
"2020-10-23","152",1,8,1031,"zip","AN","Mozilla/5.0 (Linux; Android 8.1.0; Redmi Note 5 Pro"
"2020-10-23","120",1,2,1697,"zip","AN","Mozilla/5.0 (Linux; Android 9; LLD-AL20"
"2020-10-23","75",1,3,301,"zip","AN","Mozilla/5.0 (Linux; Android 10; ONEPLUS A6010"
"2020-10-23","12",3,4,164,"zip","AN","Mozilla/5.0 (Linux; Android 10; SM-G973U1"
"2020-10-23","110",1,11,611,"zip","AN","Mozilla/5.0 (Linux; Android 8.0.0; SM-A910F"
"2020-10-23","155",1,3,292,"zip","AN","Mozilla/5.0 (Linux; Android 10; SM-N980F"
"2020-10-23","167",1,1,212,"zip","AN","Mozilla/5.0 (Linux; Android 10; SM-M405F"
"2020-10-23","173",2,3,420,"zip","AN","Mozilla/5.0 (iPhone; CPU iPhone OS 14_2 like Mac OS X"
"2020-10-23","142",3,4,338,"zip","AN","Mozilla/5.0 (Linux; Android 10; GM1901"
"2020-10-23","185",2,2,341,"zip","AN","Mozilla/5.0 (Linux; Android 10; SM-M307F"
"2020-10-23","98",4,5,389,"zip","AN","Mozilla/5.0 (Linux; Android 8.0.0; SM-G570F"
"2020-10-23","35",1,2,75,"zip","AN","Mozilla/5.0 (Linux; Android 10; RMX1851"
"2020-10-23","162",4,15,1023,"zip","AN","Mozilla/5.0 (Linux; Android 10; SM-N975F"
"2020-10-23","128",1,2,709,"zip","AN","Mozilla/5.0 (Linux; Android 10; SM-M307F"
"2020-10-23","17",2,2,99,"zip","AN","Mozilla/5.0 (Linux; Android 10; SM-M305F"
"2020-10-23","94",3,9,1379,"zip","AN","Mozilla/5.0 (Linux; Android 8.1.0; SM-G610F"
"2020-10-23","211",3,7,713,"zip","AN","Mozilla/5.0 (Windows NT 10.0; Win64; x64"
"2020-10-23","220",2,4,313,"zip","AN","Mozilla/5.0 (Linux; Android 9; SM-N950F"
"2020-10-23","188",3,7,774,"zip","AN","Mozilla/5.0 (Linux; Android 10; SM-G960F"
"2020-10-23","44",1,1,327,"zip","AN","Mozilla/5.0 (Linux; Android 10; Redmi Note 7 Pro"
"2020-10-23","115",1,2,212,"zip","AN","Mozilla/5.0 (Linux; Android 10; Nokia 6.1"
"2020-10-23","117",1,1,239,"zip","AN","Mozilla/5.0 (Linux; Android 6.0; XT1079"
"2020-10-23","183",2,46,3318,"zip","AN","Mozilla/5.0 (Linux; Android 10; SM-M215F"
"2020-10-23","176",3,14,1394,"zip","AN","Mozilla/5.0 (iPhone; CPU iPhone OS 13_3 like Mac OS X"
"2020-10-23","143",2,36,4399,"zip","AN","Mozilla/5.0 (iPhone; CPU iPhone OS 14_0_1 like Mac OS X"
"2020-10-23","154",1,7,453,"zip","AN","Mozilla/5.0 (Android 9; Mobile; rv:81.0"
"2020-10-23","181",2,2,85,"zip","AN","Mozilla/5.0 (Linux; Android 10; RMX2030"
"2020-10-23","48",1,1,65,"zip","AN","Mozilla/5.0 (Linux; Android 9; Redmi Note 7 Pro"
"2020-10-23","30",7,11,942,"zip","AN","Mozilla/5.0 (Linux; Android 10; CPH1911"
"2020-10-24","104",5,11,1846,"zip","AN","Mozilla/5.0 (Linux; Android 10; M2006C3MII"
"2020-10-24","27",1,6,1166,"zip","AN","Mozilla/5.0 (Linux; Android 10; Mi A2"
"2020-10-24","06",1,10,1174,"zip","AN","Mozilla/5.0 (iPhone; CPU iPhone OS 14_0_1 like Mac OS X"
"2020-10-24","21",2,7,1233,"zip","AN","Mozilla/5.0 (iPhone; CPU iPhone OS 12_4_1 like Mac OS X"
"2020-10-24","126",2,6,524,"zip","AN","Mozilla/5.0 (Linux; Android 9; vivo 1723"
"2020-10-24","07",3,13,1499,"zip","AN","Mozilla/5.0 (Linux; Android 10; Nokia 6.1"
"2020-10-24","165",1,3,94,"zip","AN","Mozilla/5.0 (Linux; Android 8.1.0; CPH1909"
"2020-10-24","97",5,20,3576,"zip","AN","Mozilla/5.0 (iPhone; CPU iPhone OS 14_0_1 like Mac OS X"
"2020-10-24","155",1,3,136,"zip","AN","Mozilla/5.0 (Linux; Android 10; SM-A505F"
"2020-10-24","167",4,6,415,"zip","AN","Mozilla/5.0 (Linux; Android 9; Redmi Note 7 Pro"
"2020-10-24","04",2,3,187,"zip","AN","Mozilla/5.0 (Linux; Android 10; SM-A207F"
"2020-10-24","24",6,13,933,"zip","AN","Mozilla/5.0 (iPad; CPU OS 14_1 like Mac OS X"
"2020-10-24","36",2,7,1393,"zip","AN","Mozilla/5.0 (Linux; Android 10; SM-A750F"
"2020-10-24","142",4,13,2057,"zip","AN","Mozilla/5.0 (Linux; Android 10; CPH2119"
"2020-10-24","35",1,3,246,"zip","AN","Mozilla/5.0 (Linux; Android 10; SM-A205F"
"2020-10-24","159",3,13,692,"zip","AN","Mozilla/5.0 (Linux; Android 10; RMX1911"
"2020-10-24","32",2,3,175,"zip","AN","Mozilla/5.0 (Linux; Android 8.1.0; vivo 1726"
"2020-10-24","180",1,2,109,"zip","AN","Mozilla/5.0 (Linux; Android 10; SM-A307FN"
"2020-10-24","216",3,5,377,"zip","AN","Mozilla/5.0 (Linux; Android 10; RMX2001"
"2020-10-24","31",1,3,192,"zip","AN","Mozilla/5.0 (iPhone; CPU iPhone OS 14_0_1 like Mac OS X"
"2020-10-24","44",4,18,1319,"zip","AN","Mozilla/5.0 (Linux; Android 10; ONEPLUS A5010"
"2020-10-24","103",1,2,161,"zip","AN","Mozilla/5.0 (Linux; Android 8.0.0; SM-A920F"
"2020-10-24","169",2,3,482,"zip","AN","Mozilla/5.0 (Linux; Android 10; I1927"
"2020-10-24","03",3,11,5247,"zip","AN","Mozilla/5.0 (Linux; Android 10; SM-M205F"
"2020-10-24","215",2,9,965,"zip","AN","Mozilla/5.0 (Linux; Android 10; SM-G960F"
"2020-10-24","130",8,20,2929,"zip","AN","Mozilla/5.0 (Macintosh; Intel Mac OS X 10_15_4"
"2020-10-24","168",1,2,159,"zip","AN","Mozilla/5.0 (Linux; Android 7.0; Redmi Note 4"
"2020-10-24","129",1,4,281,"zip","AN","Mozilla/5.0 (Linux; Android 9; SM-J810G"
"2020-10-24","65",1,1,74,"zip","AN","Mozilla/5.0 (Linux; Android 10; vivo 1819; wv"
"2020-10-24","181",4,17,1779,"zip","AN","Mozilla/5.0 (Linux; Android 10; HD1901"
"2020-10-24","151",2,10,1199,"zip","AN","Mozilla/5.0 (Linux; Android 10; RMX1992"
"2020-10-24","38",1,11,2381,"zip","AN","Mozilla/5.0 (Linux; Android 10; CPH1823"
"2020-10-24","69",5,36,4353,"zip","AN","Mozilla/5.0 (Linux; Android 10; HRY-LX1T"
"2020-10-24","105",2,7,1328,"zip","AN","Mozilla/5.0 (Linux; Android 10; GIONEE MAX"
"2020-10-24","39",4,11,687,"zip","AN","Mozilla/5.0 (Linux; Android 10; Redmi Note 9 Pro"
"2020-10-24","43",1,1,504,"zip","AN","Mozilla/5.0 (Linux; Android 8.1.0; vivo 1814"
"2020-10-24","116",2,2,374,"zip","AN","Mozilla/5.0 (Linux; U; Android 7.1.2; en-in; Redmi 4A Build/N2G47H"
"2020-10-24","26",1,2,129,"zip","AN","Mozilla/5.0 (Linux; Android 9; CPH1937"
"2020-10-24","172",1,2,1357,"zip","AN","Mozilla/5.0 (iPhone; CPU iPhone OS 14_0_1 like Mac OS X"
"2020-10-24","147",5,12,2387,"zip","AN","Mozilla/5.0 (Linux; Android 9; BND-AL10"
"2020-10-24","122",1,2,133,"zip","AN","Mozilla/5.0 (Linux; Android 10; SM-A507FN"
"2020-10-24","144",1,1,82,"zip","AN","Mozilla/5.0 (Linux; Android 10; ASUS_I01WD"
"2020-10-25","178",5,49,4752,"zip","AN","Mozilla/5.0 (iPhone; CPU iPhone OS 13_3_1 like Mac OS X"
"2020-10-25","161",4,9,725,"zip","AN","Mozilla/5.0 (Linux; Android 10; GM1911"
"2020-10-25","85",7,15,4004,"zip","AN","Mozilla/5.0 (iPhone; CPU iPhone OS 14_0_1 like Mac OS X"
"2020-10-25","152",1,1,45,"zip","AN","Mozilla/5.0 (Linux; Android 10; CPH1819"
"2020-10-25","120",1,1,52,"zip","AN","Mozilla/5.0 (Linux; Android 10; SM-N975F"
"2020-10-25","149",1,1,312,"zip","AN","Mozilla/5.0 (Linux; Android 9; SM-J730GM"
"2020-10-25","36",6,24,1511,"zip","AN","Mozilla/5.0 (iPhone; CPU iPhone OS 14_0_1 like Mac OS X"
"2020-10-25","18",2,7,778,"zip","AN","Mozilla/5.0 (Linux; Android 8.1.0; vivo 1811"
"2020-10-25","75",1,2,276,"zip","AN","Mozilla/5.0 (Linux; Android 10; ONEPLUS A6000"
"2020-10-25","32",2,2,151,"zip","AN","Mozilla/5.0 (Linux; Android 10; Redmi Note 8 Pro"
"2020-10-25","12",2,2,152,"zip","AN","Mozilla/5.0 (Linux; Android 10; Mi A3"
"2020-10-25","110",2,3,624,"zip","AN","Mozilla/5.0 (Linux; Android 10; SM-A605G"
"2020-10-25","114",1,1,185,"zip","AN","Mozilla/5.0 (Linux; Android 10; Redmi Note 9 Pro Max"
"2020-10-25","185",1,1,168,"zip","AN","Mozilla/5.0 (Linux; U; Android 10; en-US; ONEPLUS A6010 Build/QKQ1.190716.003"
"2020-10-25","145",1,23,2395,"zip","AN","Mozilla/5.0 (Macintosh; Intel Mac OS X 10_15_4"
"2020-10-25","31",3,4,306,"zip","AN","Mozilla/5.0 (Linux; Android 10; SM-N770F"
"2020-10-25","44",6,27,2756,"zip","AN","Mozilla/5.0 (Linux; Android 10; RMX1971"
"2020-10-25","103",2,10,1604,"zip","AN","Mozilla/5.0 (Linux; Android 10; POCO F1"
"2020-10-25","162",2,2,149,"zip","AN","Mozilla/5.0 (iPhone; CPU iPhone OS 13_1 like Mac OS X"
"2020-10-25","169",1,2,513,"zip","AN","Mozilla/5.0 (Linux; Android 10; POCO F1"
"2020-10-25","16",3,10,623,"zip","AN","Mozilla/5.0 (Macintosh; Intel Mac OS X 10_15_6"
"2020-10-25","211",1,2,140,"zip","AN","Mozilla/5.0 (Linux; Android 10; Redmi Note 9 Pro"
"2020-10-25","127",3,16,2131,"zip","AN","Mozilla/5.0 (iPhone; CPU iPhone OS 13_6 like Mac OS X"
"2020-10-25","153",1,2,159,"zip","AN","Mozilla/5.0 (iPhone; CPU iPhone OS 14_0_1 like Mac OS X"
"2020-10-25","121",2,3,474,"zip","AN","Mozilla/5.0 (Linux; Android 8.1.0; CPH1803"
"2020-10-25","33",1,2,79,"zip","AN","Mozilla/5.0 (Linux; Android 10; SM-M215F"
"2020-10-25","129",1,3,270,"zip","AN","Mozilla/5.0 (Linux; Android 8.0.0; RNE-L21"
"2020-10-25","181",1,1,171,"zip","AN","Mozilla/5.0 (Linux; Android 10; SM-M305F"
"2020-10-25","183",1,1,2,"zip","AN","Mozilla/5.0 (Linux; Android 10; Nokia 6.1 Plus"
"2020-10-25","176",3,6,385,"zip","AN","Mozilla/5.0 (Linux; Android 10; Redmi Note 8 Pro"
"2020-10-25","143",1,2,224,"zip","AN","Mozilla/5.0 (Linux; U; Android 10; en-us; RMX1971 Build/QKQ1.190918.001"
"2020-10-25","186",1,1,320,"zip","AN","Mozilla/5.0 (Linux; Android 6.0.1; CPH1613"
"2020-10-25","37",2,3,890,"zip","AN","Mozilla/5.0 (Linux; Android 10; RMX2027"
"2020-10-25","111",4,7,294,"zip","AN","Mozilla/5.0 (Linux; Android 9; IK-1025"
"2020-10-25","43",2,5,605,"zip","AN","Mozilla/5.0 (Linux; Android 9; Redmi Note 6 Pro"
"2020-10-25","116",1,2,114,"zip","AN","Mozilla/5.0 (Linux; Android 10; AC2001"
"2020-10-25","87",6,22,1958,"zip","AN","Mozilla/5.0 (Linux; Android 9; vivo 1727"
"2020-10-25","26",2,2,233,"zip","AN","Mozilla/5.0 (Linux; Android 10; RMX1851"
"2020-10-25","131",1,1,16,"zip","AN","Mozilla/5.0 (Linux; U; Android 10; en-in; Redmi Note 8 Pro Build/QP1A.190711.020"
"2020-10-25","104",4,10,1133,"zip","AN","Mozilla/5.0 (Linux; Android 10; RMX1801"
"2020-10-25","23",4,5,744,"zip","AN","Mozilla/5.0 (Linux; Android 10; Redmi Note 7 Pro"
"2020-10-25","146",2,6,513,"zip","AN","Mozilla/5.0 (Linux; Android 9; RMX1971"
"2020-10-25","21",4,10,725,"zip","AN","Mozilla/5.0 (iPhone; CPU iPhone OS 13_4_1 like Mac OS X"
"2020-10-25","113",3,48,6605,"zip","AN","Mozilla/5.0 (Linux; Android 10; AC2001"
"2020-10-25","175",1,4,225,"zip","AN","Mozilla/5.0 (Linux; Android 10; GM1911"
"2020-10-25","156",1,7,563,"zip","AN","Mozilla/5.0 (Linux; Android 9; SM-A107F"
"2020-10-25","171",2,10,1465,"zip","AN","Mozilla/5.0 (iPhone; CPU iPhone OS 13_3_1 like Mac OS X"
"2020-10-25","148",1,2,69,"zip","AN","Mozilla/5.0 (Linux; Android 8.1.0; vivo 1811"
"2020-10-25","22",1,2,381,"zip","AN","Mozilla/5.0 (Macintosh; Intel Mac OS X 10_15_4"
"2020-10-25","97",8,31,4140,"zip","AN","Mozilla/5.0 (Linux; Android 10; Nokia 6.1 Plus"